{"0": {"id": 0, "label": 2.0, "X": 2.0861227736064074, "Y": 3.0793357341142014}, "1": {"id": 1, "label": 2.0, "X": -2.181181799894681, "Y": 3.284103210510758}, "2": {"id": 2, "label": 0.0, "X": -2.613396562763796, "Y": 10.024865262751485}, "3": {"id": 3, "label": 1.0, "X": 2.027323080193166, "Y": 5.336450531217326}, "4": {"id": 4, "label": 1.0, "X": 1.9372055093855605, "Y": 9.94094683996545}, "5": {"id": 5, "label": 1.0, "X": 2.0931348756292145, "Y": 7.654984970665232}, "6": {"id": 6, "label": 0.0, "X": -2.298245621226057, "Y": 5.581585068259448}, "7": {"id": 7, "label": 0.0, "X": -13.78771947663642, "Y": 11.354920159326955}, "8": {"id": 8, "label": 0.0, "X": -2.387498950716494, "Y": 7.543360700739185}, "9": {"id": 9, "label": 1.0, "X": 1.948993487253975, "Y": 13.072404937250502}, "10": {"id": 10, "label": 0.0, "X": -13.99118817896699, "Y": 17.787738927775422}, "11": {"id": 11, "label": 0.0, "X": -9.816825494187313, "Y": 14.3592399951868}, "12": {"id": 12, "label": 1.0, "X": -15.16689258330717, "Y": 14.874967109793376}, "13": {"id": 13, "label": 1.0, "X": -16.555761743414585, "Y": 13.97625660440585}, "14": {"id": 14, "label": 0.0, "X": -2.7049280943690093, "Y": 13.002401311718803}, "15": {"id": 15, "label": 1.0, "X": 1.491588498111617, "Y": 19.642614766752825}, "16": {"id": 16, "label": 1.0, "X": -19.61344425521053, "Y": 17.751201819074634}, "17": {"id": 17, "label": 0.0, "X": -3.2500830506412304, "Y": 18.249022209089517}, "18": {"id": 18, "label": 1.0, "X": 1.2274422721092255, "Y": 26.06467932634821}, "19": {"id": 19, "label": 1.0, "X": -18.392234140918454, "Y": 17.119998107996953}, "20": {"id": 20, "label": 0.0, "X": -2.8678267017615897, "Y": 12.92709263128345}, "21": {"id": 21, "label": 1.0, "X": 1.4428335801127175, "Y": 17.05633784407552}, "22": {"id": 22, "label": 0.0, "X": -2.541434854591471, "Y": 11.420469349652912}, "23": {"id": 23, "label": 1.0, "X": 1.7984583604136297, "Y": 15.433544079149085}}