{"0": {"id": 0, "label": 2.0, "X": 2.1077780663206833, "Y": 2.9289096666710708}, "1": {"id": 1, "label": 2.0, "X": -2.0988008018610085, "Y": 3.038403670578045}, "2": {"id": 2, "label": 0.0, "X": -2.5629713762112014, "Y": 9.8150856911727}, "3": {"id": 3, "label": 1.0, "X": 2.161882085755523, "Y": 5.444345458271755}, "4": {"id": 4, "label": 0.0, "X": -2.428278920005434, "Y": 7.618054660242288}, "5": {"id": 5, "label": 0.0, "X": -2.279967964183187, "Y": 5.416310943208449}, "6": {"id": 6, "label": 0.0, "X": -12.4368835635665, "Y": 13.079800284094194}, "7": {"id": 7, "label": 1.0, "X": 2.1167226291465493, "Y": 7.478038643442786}, "8": {"id": 8, "label": 1.0, "X": 2.024461021179397, "Y": 10.011309600702038}, "9": {"id": 9, "label": 0.0, "X": -13.80526838716134, "Y": 11.24722471784404}, "10": {"id": 10, "label": 1.0, "X": 1.5227851429859909, "Y": 17.056337614764285}, "11": {"id": 11, "label": 1.0, "X": -16.8833752581292, "Y": 14.116880327943854}, "12": {"id": 12, "label": 0.0, "X": -13.34077847576976, "Y": 16.874326501622505}, "13": {"id": 13, "label": 1.0, "X": -20.234669032978285, "Y": 18.203263113205743}, "14": {"id": 14, "label": 0.0, "X": -2.729786124945022, "Y": 13.19322567750707}, "15": {"id": 15, "label": 1.0, "X": 1.6459195067127468, "Y": 21.954979322094392}, "16": {"id": 16, "label": 1.0, "X": -16.442108979558647, "Y": 15.776972645291869}, "17": {"id": 17, "label": 0.0, "X": -9.816825494187313, "Y": 14.3592399951868}, "18": {"id": 18, "label": 1.0, "X": -16.419636027538832, "Y": 16.05439297945084}, "19": {"id": 19, "label": 0.0, "X": -3.3561707703123433, "Y": 18.775660129608525}, "20": {"id": 20, "label": 0.0, "X": -2.8678267017615897, "Y": 12.92709263128345}, "21": {"id": 21, "label": 1.0, "X": 1.841357688812837, "Y": 11.85353635195838}, "22": {"id": 22, "label": 1.0, "X": 1.2714847650610128, "Y": 26.250011730901832}, "23": {"id": 23, "label": 0.0, "X": -13.083089445806632, "Y": 21.628230143689358}, "24": {"id": 24, "label": 1.0, "X": -22.00677733741161, "Y": 20.296536591840045}, "25": {"id": 25, "label": 0.0, "X": -9.693464850684736, "Y": 13.95553104104967}}