{"0": {"id": 0, "label": 2.0, "X": 0.21077780663206833, "Y": 0.29289096666710707}, "1": {"id": 1, "label": 2.0, "X": -0.20988008018610085, "Y": 0.3038403670578045}, "2": {"id": 2, "label": 0.0, "X": -0.25629713762112016, "Y": 0.9815085691172699}, "3": {"id": 3, "label": 1.0, "X": 0.2161882085755523, "Y": 0.5444345458271755}, "4": {"id": 4, "label": 0.0, "X": -0.24282789200054344, "Y": 0.7618054660242288}, "5": {"id": 5, "label": 0.0, "X": -0.22799679641831871, "Y": 0.5416310943208448}, "6": {"id": 6, "label": 0.0, "X": -1.24368835635665, "Y": 1.3079800284094194}, "7": {"id": 7, "label": 1.0, "X": 0.21167226291465494, "Y": 0.7478038643442786}, "8": {"id": 8, "label": 1.0, "X": 0.2024461021179397, "Y": 1.0011309600702036}, "9": {"id": 9, "label": 0.0, "X": -1.3805268387161338, "Y": 1.124722471784404}, "10": {"id": 10, "label": 1.0, "X": 0.1522785142985991, "Y": 1.7056337614764285}, "11": {"id": 11, "label": 1.0, "X": -1.6883375258129198, "Y": 1.4116880327943855}, "12": {"id": 12, "label": 0.0, "X": -1.334077847576976, "Y": 1.6874326501622505}, "13": {"id": 13, "label": 1.0, "X": -2.0234669032978285, "Y": 1.820326311320574}, "14": {"id": 14, "label": 0.0, "X": -0.2729786124945022, "Y": 1.319322567750707}, "15": {"id": 15, "label": 1.0, "X": 0.1645919506712747, "Y": 2.195497932209439}, "16": {"id": 16, "label": 1.0, "X": -1.644210897955865, "Y": 1.577697264529187}, "17": {"id": 17, "label": 0.0, "X": -0.9816825494187312, "Y": 1.43592399951868}, "18": {"id": 18, "label": 1.0, "X": -1.6419636027538833, "Y": 1.6054392979450838}, "19": {"id": 19, "label": 0.0, "X": -0.33561707703123433, "Y": 1.8775660129608525}, "20": {"id": 20, "label": 0.0, "X": -0.286782670176159, "Y": 1.2927092631283452}, "21": {"id": 21, "label": 1.0, "X": 0.1841357688812837, "Y": 1.185353635195838}, "22": {"id": 22, "label": 1.0, "X": 0.12714847650610128, "Y": 2.625001173090183}, "23": {"id": 23, "label": 0.0, "X": -1.3083089445806633, "Y": 2.1628230143689358}, "24": {"id": 24, "label": 1.0, "X": -2.200677733741161, "Y": 2.0296536591840044}, "25": {"id": 25, "label": 0.0, "X": -0.9693464850684735, "Y": 1.3955531041049667}}