{"0": {"id": 0, "label": 2.0, "X": 2.06502458009616, "Y": 2.508990029741747}, "1": {"id": 1, "label": 2.0, "X": -2.0609290299072076, "Y": 2.732950050889882}, "2": {"id": 2, "label": 1.0, "X": 2.144383981784542, "Y": 4.8990640627856425}, "3": {"id": 3, "label": 0.0, "X": -2.522448285402848, "Y": 9.724981901710237}, "4": {"id": 4, "label": 0.0, "X": -2.3671811048359492, "Y": 7.37499930228649}, "5": {"id": 5, "label": 1.0, "X": 2.06395206781095, "Y": 9.30367682533265}, "6": {"id": 6, "label": 1.0, "X": 2.2572119772216097, "Y": 7.312356738008033}, "7": {"id": 7, "label": 0.0, "X": -2.1940506379829556, "Y": 5.0411932360909235}, "8": {"id": 8, "label": 1.0, "X": 2.0909662537305516, "Y": 12.327212738177838}, "9": {"id": 9, "label": 0.0, "X": -12.001054875076674, "Y": 12.45767193685359}, "10": {"id": 10, "label": 1.0, "X": -16.00562361519626, "Y": 13.193352815305172}, "11": {"id": 11, "label": 0.0, "X": -2.5229989374036337, "Y": 11.736515862570345}, "12": {"id": 12, "label": 0.0, "X": -9.737075206066805, "Y": 13.955530067539785}, "13": {"id": 13, "label": 1.0, "X": 1.7359892052162311, "Y": 17.056336071512675}, "14": {"id": 14, "label": 1.0, "X": -15.803521393656343, "Y": 14.984489174282395}, "15": {"id": 15, "label": 0.0, "X": -13.41501214943831, "Y": 16.929426342699358}, "16": {"id": 16, "label": 1.0, "X": 2.065955683977888, "Y": 14.92697345410125}, "17": {"id": 17, "label": 1.0, "X": 1.711473376286879, "Y": 21.656208344754624}, "18": {"id": 18, "label": 1.0, "X": -20.2932202828026, "Y": 18.15438362933917}, "19": {"id": 19, "label": 1.0, "X": -22.765116940370458, "Y": 22.028351520495605}, "20": {"id": 20, "label": 1.0, "X": 1.6228677334607537, "Y": 17.27057310569562}, "21": {"id": 21, "label": 0.0, "X": -2.7903215335078424, "Y": 15.531237717481599}, "22": {"id": 22, "label": 0.0, "X": -15.740678387954446, "Y": 18.203193638901464}, "23": {"id": 23, "label": 0.0, "X": -14.145694725393751, "Y": 11.381993860836547}}