{"0": {"id": 0, "label": 2.0, "X": 0.20650245800961603, "Y": 0.25089900297417467}, "1": {"id": 1, "label": 2.0, "X": -0.20609290299072078, "Y": 0.2732950050889882}, "2": {"id": 2, "label": 1.0, "X": 0.2144383981784542, "Y": 0.48990640627856424}, "3": {"id": 3, "label": 0.0, "X": -0.2522448285402848, "Y": 0.9724981901710237}, "4": {"id": 4, "label": 0.0, "X": -0.23671811048359492, "Y": 0.737499930228649}, "5": {"id": 5, "label": 1.0, "X": 0.20639520678109502, "Y": 0.9303676825332649}, "6": {"id": 6, "label": 1.0, "X": 0.22572119772216098, "Y": 0.7312356738008033}, "7": {"id": 7, "label": 0.0, "X": -0.21940506379829558, "Y": 0.5041193236090924}, "8": {"id": 8, "label": 1.0, "X": 0.20909662537305518, "Y": 1.232721273817784}, "9": {"id": 9, "label": 0.0, "X": -1.2001054875076673, "Y": 1.245767193685359}, "10": {"id": 10, "label": 1.0, "X": -1.6005623615196258, "Y": 1.3193352815305173}, "11": {"id": 11, "label": 0.0, "X": -0.2522998937403634, "Y": 1.1736515862570345}, "12": {"id": 12, "label": 0.0, "X": -0.9737075206066805, "Y": 1.3955530067539785}, "13": {"id": 13, "label": 1.0, "X": 0.1735989205216231, "Y": 1.7056336071512674}, "14": {"id": 14, "label": 1.0, "X": -1.5803521393656343, "Y": 1.4984489174282396}, "15": {"id": 15, "label": 0.0, "X": -1.341501214943831, "Y": 1.692942634269936}, "16": {"id": 16, "label": 1.0, "X": 0.20659556839778878, "Y": 1.4926973454101249}, "17": {"id": 17, "label": 1.0, "X": 0.17114733762868792, "Y": 2.165620834475462}, "18": {"id": 18, "label": 1.0, "X": -2.02932202828026, "Y": 1.815438362933917}, "19": {"id": 19, "label": 1.0, "X": -2.276511694037046, "Y": 2.2028351520495604}, "20": {"id": 20, "label": 1.0, "X": 0.16228677334607536, "Y": 1.7270573105695624}, "21": {"id": 21, "label": 0.0, "X": -0.27903215335078424, "Y": 1.5531237717481599}, "22": {"id": 22, "label": 0.0, "X": -1.5740678387954445, "Y": 1.8203193638901465}, "23": {"id": 23, "label": 0.0, "X": -1.4145694725393752, "Y": 1.1381993860836546}}