{"0": {"id": 0, "label": 2.0, "X": 2.0605717798074745, "Y": 1.8155066099372221}, "1": {"id": 1, "label": 2.0, "X": -1.8838782954412747, "Y": 1.8724447861312592}, "2": {"id": 2, "label": 1.0, "X": 2.1166401745945223, "Y": 4.039940726726482}, "3": {"id": 3, "label": 0.0, "X": -9.596084842731234, "Y": 13.079759917798313}, "4": {"id": 4, "label": 1.0, "X": 2.1547923056558687, "Y": 6.098377046835724}, "5": {"id": 5, "label": 0.0, "X": -2.2902662892323975, "Y": 6.48677616501686}, "6": {"id": 6, "label": 0.0, "X": -2.1103458391683536, "Y": 4.202516336617396}, "7": {"id": 7, "label": 1.0, "X": 2.096610131171864, "Y": 8.516414498232566}, "8": {"id": 8, "label": 0.0, "X": -2.637202302435018, "Y": 11.516148160762228}, "9": {"id": 9, "label": 0.0, "X": -2.5131998973594714, "Y": 9.036120698210816}, "10": {"id": 10, "label": 0.0, "X": -12.300075051172824, "Y": 12.016183849985271}, "11": {"id": 11, "label": 1.0, "X": 2.0163185270611006, "Y": 10.755546115373884}, "12": {"id": 12, "label": 0.0, "X": -14.632789421598437, "Y": 17.75149867426517}, "13": {"id": 13, "label": 0.0, "X": -16.79307518744114, "Y": 18.203220380613928}, "14": {"id": 14, "label": 0.0, "X": -2.5711421864870574, "Y": 12.973019794065035}, "15": {"id": 15, "label": 0.0, "X": -17.763415588253086, "Y": 19.82588780058519}, "16": {"id": 16, "label": 1.0, "X": 1.6914088700180934, "Y": 21.642068048539365}, "17": {"id": 17, "label": 1.0, "X": -14.741449859538987, "Y": 13.221388008868757}, "18": {"id": 18, "label": 1.0, "X": 2.079458423132067, "Y": 13.843021810004368}, "19": {"id": 19, "label": 1.0, "X": 1.7143396346508202, "Y": 15.642888676586931}, "20": {"id": 20, "label": 1.0, "X": -16.243925896547815, "Y": 14.171735437625928}, "21": {"id": 21, "label": 0.0, "X": -10.793187366683314, "Y": 14.9651797071052}, "22": {"id": 22, "label": 0.0, "X": -10.675987637945713, "Y": 14.984448624300871}, "23": {"id": 23, "label": 1.0, "X": -19.816558237069334, "Y": 16.929517562053256}, "24": {"id": 24, "label": 0.0, "X": -3.1752596748384314, "Y": 18.616469581661082}, "25": {"id": 25, "label": 0.0, "X": -3.3577737218386092, "Y": 23.35843594253536}, "26": {"id": 26, "label": 1.0, "X": -14.400763281575294, "Y": 13.242433248236777}, "27": {"id": 27, "label": 1.0, "X": -15.820889198416504, "Y": 14.221393246860444}, "28": {"id": 28, "label": 1.0, "X": 2.021584640217929, "Y": 11.44969462224911}, "29": {"id": 29, "label": 1.0, "X": -22.685924285090383, "Y": 21.656519083204795}, "30": {"id": 30, "label": 1.0, "X": -16.220876342213202, "Y": 14.221402418008324}, "31": {"id": 31, "label": 1.0, "X": -1.2304700341316839, "Y": 26.250023705085738}}