{"0": {"id": 0, "label": 2.0, "X": 0.20605717798074746, "Y": 0.1815506609937222}, "1": {"id": 1, "label": 2.0, "X": -0.18838782954412747, "Y": 0.1872444786131259}, "2": {"id": 2, "label": 1.0, "X": 0.21166401745945224, "Y": 0.4039940726726482}, "3": {"id": 3, "label": 0.0, "X": -0.9596084842731234, "Y": 1.3079759917798313}, "4": {"id": 4, "label": 1.0, "X": 0.21547923056558688, "Y": 0.6098377046835725}, "5": {"id": 5, "label": 0.0, "X": -0.22902662892323974, "Y": 0.6486776165016859}, "6": {"id": 6, "label": 0.0, "X": -0.21103458391683536, "Y": 0.4202516336617396}, "7": {"id": 7, "label": 1.0, "X": 0.2096610131171864, "Y": 0.8516414498232565}, "8": {"id": 8, "label": 0.0, "X": -0.26372023024350183, "Y": 1.1516148160762227}, "9": {"id": 9, "label": 0.0, "X": -0.25131998973594716, "Y": 0.9036120698210816}, "10": {"id": 10, "label": 0.0, "X": -1.2300075051172823, "Y": 1.2016183849985271}, "11": {"id": 11, "label": 1.0, "X": 0.20163185270611003, "Y": 1.0755546115373884}, "12": {"id": 12, "label": 0.0, "X": -1.4632789421598436, "Y": 1.7751498674265174}, "13": {"id": 13, "label": 0.0, "X": -1.679307518744114, "Y": 1.8203220380613927}, "14": {"id": 14, "label": 0.0, "X": -0.2571142186487057, "Y": 1.2973019794065035}, "15": {"id": 15, "label": 0.0, "X": -1.7763415588253086, "Y": 1.9825887800585187}, "16": {"id": 16, "label": 1.0, "X": 0.16914088700180935, "Y": 2.1642068048539365}, "17": {"id": 17, "label": 1.0, "X": -1.4741449859538986, "Y": 1.3221388008868757}, "18": {"id": 18, "label": 1.0, "X": 0.20794584231320667, "Y": 1.384302181000437}, "19": {"id": 19, "label": 1.0, "X": 0.17143396346508202, "Y": 1.5642888676586932}, "20": {"id": 20, "label": 1.0, "X": -1.6243925896547813, "Y": 1.417173543762593}, "21": {"id": 21, "label": 0.0, "X": -1.0793187366683314, "Y": 1.49651797071052}, "22": {"id": 22, "label": 0.0, "X": -1.0675987637945712, "Y": 1.498444862430087}, "23": {"id": 23, "label": 1.0, "X": -1.9816558237069333, "Y": 1.6929517562053258}, "24": {"id": 24, "label": 0.0, "X": -0.3175259674838431, "Y": 1.8616469581661081}, "25": {"id": 25, "label": 0.0, "X": -0.3357773721838609, "Y": 2.335843594253536}, "26": {"id": 26, "label": 1.0, "X": -1.4400763281575295, "Y": 1.3242433248236778}, "27": {"id": 27, "label": 1.0, "X": -1.5820889198416503, "Y": 1.4221393246860443}, "28": {"id": 28, "label": 1.0, "X": 0.20215846402179294, "Y": 1.144969462224911}, "29": {"id": 29, "label": 1.0, "X": -2.2685924285090384, "Y": 2.1656519083204797}, "30": {"id": 30, "label": 1.0, "X": -1.6220876342213204, "Y": 1.4221402418008324}, "31": {"id": 31, "label": 1.0, "X": -0.12304700341316839, "Y": 2.6250023705085734}}