{"0": {"id": 0, "label": 1.0, "X": 1.9872364715739876, "Y": 2.8598967442690695}, "1": {"id": 1, "label": 0.0, "X": -2.066760719364438, "Y": 2.862757617650717}, "2": {"id": 2, "label": 1.0, "X": 1.8456948902026726, "Y": 7.18971970364201}, "3": {"id": 3, "label": 1.0, "X": 2.0687901114406846, "Y": 5.0897285348879455}, "4": {"id": 4, "label": 1.0, "X": 1.731006367764586, "Y": 9.548872214405879}, "5": {"id": 5, "label": 1.0, "X": 1.7173080833891823, "Y": 12.430317009814564}, "6": {"id": 6, "label": 0.0, "X": -2.454811695797196, "Y": 5.352490516816001}, "7": {"id": 7, "label": 0.0, "X": -10.482617403180136, "Y": 12.553535483617006}, "8": {"id": 8, "label": 0.0, "X": -2.623230634471453, "Y": 7.543365492332688}, "9": {"id": 9, "label": 0.0, "X": -11.933225597756811, "Y": 10.127379711616245}, "10": {"id": 10, "label": 0.0, "X": -11.241685041129873, "Y": 13.955566390401412}, "11": {"id": 11, "label": 0.0, "X": -2.885997485706334, "Y": 11.917797897058712}, "12": {"id": 12, "label": 1.0, "X": -14.074467746034413, "Y": 11.454256365976578}, "13": {"id": 13, "label": 0.0, "X": -14.268956919269115, "Y": 15.5313248610218}, "14": {"id": 14, "label": 0.0, "X": -17.375734887493003, "Y": 17.11999872923803}, "15": {"id": 15, "label": 1.0, "X": 1.4545690550246235, "Y": 15.891871709301613}, "16": {"id": 16, "label": 0.0, "X": -2.613082819447625, "Y": 9.21911497047478}, "17": {"id": 17, "label": 0.0, "X": -7.19497817913031, "Y": 22.138398691343877}, "18": {"id": 18, "label": 1.0, "X": 0.959826431015206, "Y": 21.954979926826375}, "19": {"id": 19, "label": 1.0, "X": -18.143099739117776, "Y": 15.7770038667822}, "20": {"id": 20, "label": 0.0, "X": -20.154312764846562, "Y": 20.509206246935}, "21": {"id": 21, "label": 0.0, "X": -10.718084634173598, "Y": 21.777699443509746}, "22": {"id": 22, "label": 1.0, "X": -13.105129143107488, "Y": 21.955057984979113}, "23": {"id": 23, "label": 0.0, "X": -3.7348240113355624, "Y": 18.24902861144146}, "24": {"id": 24, "label": 0.0, "X": -15.31672716337385, "Y": 17.09512078329453}, "25": {"id": 25, "label": 0.0, "X": -3.389338726778388, "Y": 14.945287910676182}, "26": {"id": 26, "label": 1.0, "X": -9.960468348330046, "Y": 23.095021099930914}, "27": {"id": 27, "label": 0.0, "X": -5.230986385610804, "Y": 20.049101610146636}, "28": {"id": 28, "label": 1.0, "X": -2.0713700076959007, "Y": 26.064695799139002}, "29": {"id": 29, "label": 0.0, "X": -3.9157383477177947, "Y": 22.095259854878815}, "30": {"id": 30, "label": 1.0, "X": -3.4307687060725205, "Y": 23.3584350713433}, "31": {"id": 31, "label": 0.0, "X": -18.321835546621383, "Y": 23.358517318172353}}