{"0": {"id": 0, "label": 1.0, "X": 0.19872364715739876, "Y": 0.285989674426907}, "1": {"id": 1, "label": 0.0, "X": -0.2066760719364438, "Y": 0.28627576176507175}, "2": {"id": 2, "label": 1.0, "X": 0.18456948902026726, "Y": 0.7189719703642009}, "3": {"id": 3, "label": 1.0, "X": 0.20687901114406845, "Y": 0.5089728534887945}, "4": {"id": 4, "label": 1.0, "X": 0.1731006367764586, "Y": 0.9548872214405878}, "5": {"id": 5, "label": 1.0, "X": 0.1717308083389182, "Y": 1.2430317009814562}, "6": {"id": 6, "label": 0.0, "X": -0.2454811695797196, "Y": 0.5352490516816002}, "7": {"id": 7, "label": 0.0, "X": -1.0482617403180137, "Y": 1.2553535483617007}, "8": {"id": 8, "label": 0.0, "X": -0.2623230634471453, "Y": 0.7543365492332689}, "9": {"id": 9, "label": 0.0, "X": -1.1933225597756811, "Y": 1.0127379711616245}, "10": {"id": 10, "label": 0.0, "X": -1.1241685041129872, "Y": 1.3955566390401413}, "11": {"id": 11, "label": 0.0, "X": -0.2885997485706334, "Y": 1.1917797897058713}, "12": {"id": 12, "label": 1.0, "X": -1.4074467746034414, "Y": 1.1454256365976578}, "13": {"id": 13, "label": 0.0, "X": -1.4268956919269116, "Y": 1.5531324861021798}, "14": {"id": 14, "label": 0.0, "X": -1.7375734887493004, "Y": 1.7119998729238035}, "15": {"id": 15, "label": 1.0, "X": 0.14545690550246235, "Y": 1.5891871709301615}, "16": {"id": 16, "label": 0.0, "X": -0.2613082819447625, "Y": 0.9219114970474781}, "17": {"id": 17, "label": 0.0, "X": -0.7194978179130309, "Y": 2.213839869134388}, "18": {"id": 18, "label": 1.0, "X": 0.0959826431015206, "Y": 2.195497992682638}, "19": {"id": 19, "label": 1.0, "X": -1.8143099739117776, "Y": 1.57770038667822}, "20": {"id": 20, "label": 0.0, "X": -2.0154312764846565, "Y": 2.0509206246935}, "21": {"id": 21, "label": 0.0, "X": -1.0718084634173597, "Y": 2.177769944350975}, "22": {"id": 22, "label": 1.0, "X": -1.3105129143107488, "Y": 2.195505798497911}, "23": {"id": 23, "label": 0.0, "X": -0.37348240113355624, "Y": 1.824902861144146}, "24": {"id": 24, "label": 0.0, "X": -1.5316727163373849, "Y": 1.7095120783294526}, "25": {"id": 25, "label": 0.0, "X": -0.3389338726778388, "Y": 1.4945287910676184}, "26": {"id": 26, "label": 1.0, "X": -0.9960468348330047, "Y": 2.3095021099930912}, "27": {"id": 27, "label": 0.0, "X": -0.5230986385610804, "Y": 2.0049101610146636}, "28": {"id": 28, "label": 1.0, "X": -0.20713700076959007, "Y": 2.6064695799139}, "29": {"id": 29, "label": 0.0, "X": -0.3915738347717795, "Y": 2.2095259854878817}, "30": {"id": 30, "label": 1.0, "X": -0.34307687060725206, "Y": 2.3358435071343298}, "31": {"id": 31, "label": 0.0, "X": -1.8321835546621383, "Y": 2.335851731817235}}