{"0": {"id": 0, "label": 1.0, "X": 1.8509618144483584, "Y": 1.6919994001651835}, "1": {"id": 1, "label": 0.0, "X": -1.8942415135022432, "Y": 1.690180860564583}, "2": {"id": 2, "label": 1.0, "X": 2.066258500211716, "Y": 3.9674512808895055}, "3": {"id": 3, "label": 1.0, "X": 1.5839389294533448, "Y": 10.766232693395663}, "4": {"id": 4, "label": 1.0, "X": 1.8177637101542, "Y": 6.009872044696104}, "5": {"id": 5, "label": 0.0, "X": -2.3559402379245995, "Y": 4.041440367876063}, "6": {"id": 6, "label": 0.0, "X": -2.8304859666228226, "Y": 8.734269741660043}, "7": {"id": 7, "label": 0.0, "X": -2.6762124918597676, "Y": 6.474004170787711}, "8": {"id": 8, "label": 1.0, "X": 1.690058698629107, "Y": 8.310220604176159}, "9": {"id": 9, "label": 0.0, "X": -2.9181165670583895, "Y": 10.459189921130351}, "10": {"id": 10, "label": 0.0, "X": -10.93289591539403, "Y": 11.78827843752027}, "11": {"id": 11, "label": 0.0, "X": -14.568601877891954, "Y": 14.623880877619722}, "12": {"id": 12, "label": 1.0, "X": 0.860662181650148, "Y": 19.686692854464333}, "13": {"id": 13, "label": 1.0, "X": -10.051991241408423, "Y": 21.955030337361016}, "14": {"id": 14, "label": 0.0, "X": -19.698429304686236, "Y": 20.563120281023902}, "15": {"id": 15, "label": 1.0, "X": 1.2886679142153286, "Y": 13.709821825571689}, "16": {"id": 16, "label": 0.0, "X": -12.127358708167716, "Y": 13.7653840877015}, "17": {"id": 17, "label": 0.0, "X": -11.419426601331377, "Y": 21.79015059404424}, "18": {"id": 18, "label": 0.0, "X": -3.506099154278522, "Y": 14.945289472886813}, "19": {"id": 19, "label": 0.0, "X": -15.939616627589816, "Y": 14.62390466224303}, "20": {"id": 20, "label": 1.0, "X": -21.006931330359077, "Y": 16.929530773917705}, "21": {"id": 21, "label": 0.0, "X": -3.548314816205232, "Y": 16.92934963136557}, "22": {"id": 22, "label": 0.0, "X": -16.946425466741015, "Y": 16.054397405248334}, "23": {"id": 23, "label": 1.0, "X": -4.209215795836152, "Y": 15.306247530313483}, "24": {"id": 24, "label": 0.0, "X": -12.475609293508006, "Y": 17.0555211819539}, "25": {"id": 25, "label": 0.0, "X": -3.6440935472066918, "Y": 15.976125577164492}}