{"0": {"id": 0, "label": 1.0, "X": 0.18509618144483583, "Y": 0.16919994001651834}, "1": {"id": 1, "label": 0.0, "X": -0.1894241513502243, "Y": 0.1690180860564583}, "2": {"id": 2, "label": 1.0, "X": 0.20662585002117162, "Y": 0.3967451280889505}, "3": {"id": 3, "label": 1.0, "X": 0.15839389294533449, "Y": 1.0766232693395663}, "4": {"id": 4, "label": 1.0, "X": 0.18177637101542, "Y": 0.6009872044696105}, "5": {"id": 5, "label": 0.0, "X": -0.23559402379245994, "Y": 0.4041440367876063}, "6": {"id": 6, "label": 0.0, "X": -0.28304859666228227, "Y": 0.8734269741660041}, "7": {"id": 7, "label": 0.0, "X": -0.26762124918597674, "Y": 0.6474004170787712}, "8": {"id": 8, "label": 1.0, "X": 0.16900586986291072, "Y": 0.8310220604176161}, "9": {"id": 9, "label": 0.0, "X": -0.291811656705839, "Y": 1.045918992113035}, "10": {"id": 10, "label": 0.0, "X": -1.093289591539403, "Y": 1.178827843752027}, "11": {"id": 11, "label": 0.0, "X": -1.4568601877891953, "Y": 1.462388087761972}, "12": {"id": 12, "label": 1.0, "X": 0.0860662181650148, "Y": 1.9686692854464334}, "13": {"id": 13, "label": 1.0, "X": -1.0051991241408422, "Y": 2.195503033736102}, "14": {"id": 14, "label": 0.0, "X": -1.9698429304686236, "Y": 2.0563120281023903}, "15": {"id": 15, "label": 1.0, "X": 0.12886679142153287, "Y": 1.3709821825571689}, "16": {"id": 16, "label": 0.0, "X": -1.2127358708167717, "Y": 1.37653840877015}, "17": {"id": 17, "label": 0.0, "X": -1.1419426601331377, "Y": 2.179015059404424}, "18": {"id": 18, "label": 0.0, "X": -0.3506099154278522, "Y": 1.4945289472886814}, "19": {"id": 19, "label": 0.0, "X": -1.5939616627589817, "Y": 1.462390466224303}, "20": {"id": 20, "label": 1.0, "X": -2.1006931330359073, "Y": 1.6929530773917705}, "21": {"id": 21, "label": 0.0, "X": -0.35483148162052314, "Y": 1.6929349631365573}, "22": {"id": 22, "label": 0.0, "X": -1.6946425466741017, "Y": 1.6054397405248335}, "23": {"id": 23, "label": 1.0, "X": -0.4209215795836152, "Y": 1.5306247530313484}, "24": {"id": 24, "label": 0.0, "X": -1.2475609293508005, "Y": 1.70555211819539}, "25": {"id": 25, "label": 0.0, "X": -0.36440935472066915, "Y": 1.5976125577164493}}