{"0": {"id": 0, "label": 0.0, "X": -2.126159346815325, "Y": 2.4057254463521263}, "1": {"id": 1, "label": 1.0, "X": 1.9859833631982968, "Y": 2.3062183107192338}, "2": {"id": 2, "label": 0.0, "X": -2.8035284853962144, "Y": 9.089326312508637}, "3": {"id": 3, "label": 1.0, "X": 2.0018570965733335, "Y": 4.750158342757472}, "4": {"id": 4, "label": 1.0, "X": 1.7834776637659595, "Y": 6.691497024462741}, "5": {"id": 5, "label": 0.0, "X": -10.803240422217751, "Y": 10.249752048548187}, "6": {"id": 6, "label": 0.0, "X": -2.608239654981678, "Y": 6.985491291080775}, "7": {"id": 7, "label": 0.0, "X": -2.4432806546239534, "Y": 4.732974875083208}, "8": {"id": 8, "label": 1.0, "X": 1.741693945396465, "Y": 9.20031225032126}, "9": {"id": 9, "label": 0.0, "X": -3.43466566844855, "Y": 12.52097104730987}, "10": {"id": 10, "label": 0.0, "X": -11.076264688596444, "Y": 11.303744697684422}, "11": {"id": 11, "label": 0.0, "X": -7.886804558763965, "Y": 22.138402683125786}, "12": {"id": 12, "label": 0.0, "X": -10.815766475470587, "Y": 19.64266779116537}, "13": {"id": 13, "label": 1.0, "X": -1.8050347939608238, "Y": 23.094966760824867}, "14": {"id": 14, "label": 0.0, "X": -3.400835951607081, "Y": 13.914574381134077}, "15": {"id": 15, "label": 1.0, "X": 0.314835146994737, "Y": 22.047705644192032}, "16": {"id": 16, "label": 1.0, "X": -14.449647764400288, "Y": 21.79019335317902}, "17": {"id": 17, "label": 0.0, "X": -17.945882952433465, "Y": 15.777000139893698}, "18": {"id": 18, "label": 1.0, "X": 1.2962840190038367, "Y": 14.926978049160963}, "19": {"id": 19, "label": 0.0, "X": -16.775376906904317, "Y": 14.171744674943161}, "20": {"id": 20, "label": 0.0, "X": -13.701630015139289, "Y": 17.623354545466007}, "21": {"id": 21, "label": 0.0, "X": -3.78961407351461, "Y": 17.13052000843587}, "22": {"id": 22, "label": 0.0, "X": -14.377051420053498, "Y": 13.193336556482079}, "23": {"id": 23, "label": 1.0, "X": 1.1114652501335367, "Y": 23.727518088284043}, "24": {"id": 24, "label": 1.0, "X": 1.3247279868163657, "Y": 15.954859348641477}, "25": {"id": 25, "label": 1.0, "X": 1.346099971221122, "Y": 11.338663309145218}, "26": {"id": 26, "label": 0.0, "X": -3.825562786673548, "Y": 18.7756626556939}, "27": {"id": 27, "label": 0.0, "X": -17.669979254588558, "Y": 17.119993293646324}, "28": {"id": 28, "label": 1.0, "X": -5.641267679208164, "Y": 20.52991154558257}}