{"0": {"id": 0, "label": 0.0, "X": -0.21261593468153248, "Y": 0.2405725446352126}, "1": {"id": 1, "label": 1.0, "X": 0.19859833631982968, "Y": 0.23062183107192336}, "2": {"id": 2, "label": 0.0, "X": -0.28035284853962145, "Y": 0.9089326312508637}, "3": {"id": 3, "label": 1.0, "X": 0.20018570965733337, "Y": 0.4750158342757472}, "4": {"id": 4, "label": 1.0, "X": 0.17834776637659594, "Y": 0.6691497024462741}, "5": {"id": 5, "label": 0.0, "X": -1.0803240422217752, "Y": 1.0249752048548186}, "6": {"id": 6, "label": 0.0, "X": -0.26082396549816783, "Y": 0.6985491291080775}, "7": {"id": 7, "label": 0.0, "X": -0.24432806546239536, "Y": 0.47329748750832074}, "8": {"id": 8, "label": 1.0, "X": 0.1741693945396465, "Y": 0.9200312250321262}, "9": {"id": 9, "label": 0.0, "X": -0.343466566844855, "Y": 1.252097104730987}, "10": {"id": 10, "label": 0.0, "X": -1.1076264688596444, "Y": 1.1303744697684421}, "11": {"id": 11, "label": 0.0, "X": -0.7886804558763965, "Y": 2.2138402683125786}, "12": {"id": 12, "label": 0.0, "X": -1.0815766475470587, "Y": 1.964266779116537}, "13": {"id": 13, "label": 1.0, "X": -0.18050347939608238, "Y": 2.309496676082487}, "14": {"id": 14, "label": 0.0, "X": -0.3400835951607081, "Y": 1.3914574381134077}, "15": {"id": 15, "label": 1.0, "X": 0.031483514699473705, "Y": 2.2047705644192037}, "16": {"id": 16, "label": 1.0, "X": -1.4449647764400289, "Y": 2.1790193353179017}, "17": {"id": 17, "label": 0.0, "X": -1.7945882952433465, "Y": 1.5777000139893698}, "18": {"id": 18, "label": 1.0, "X": 0.12962840190038366, "Y": 1.4926978049160966}, "19": {"id": 19, "label": 0.0, "X": -1.6775376906904316, "Y": 1.417174467494316}, "20": {"id": 20, "label": 0.0, "X": -1.3701630015139288, "Y": 1.7623354545466006}, "21": {"id": 21, "label": 0.0, "X": -0.378961407351461, "Y": 1.7130520008435868}, "22": {"id": 22, "label": 0.0, "X": -1.4377051420053497, "Y": 1.319333655648208}, "23": {"id": 23, "label": 1.0, "X": 0.11114652501335368, "Y": 2.3727518088284043}, "24": {"id": 24, "label": 1.0, "X": 0.13247279868163658, "Y": 1.5954859348641477}, "25": {"id": 25, "label": 1.0, "X": 0.1346099971221122, "Y": 1.1338663309145218}, "26": {"id": 26, "label": 0.0, "X": -0.3825562786673548, "Y": 1.87756626556939}, "27": {"id": 27, "label": 0.0, "X": -1.7669979254588557, "Y": 1.7119993293646323}, "28": {"id": 28, "label": 1.0, "X": -0.5641267679208165, "Y": 2.0529911545582578}}