{"0": {"id": 0, "label": 1.0, "X": 0.19219235309423344, "Y": 0.3222226473142552}, "1": {"id": 1, "label": 1.0, "X": 0.18054572020613588, "Y": 0.5410203793666982}, "2": {"id": 2, "label": 0.0, "X": -0.23651821044357257, "Y": 0.34077080341214916}, "3": {"id": 3, "label": 1.0, "X": 0.1504906205124429, "Y": 1.0651966630079737}, "4": {"id": 4, "label": 0.0, "X": -0.2816378268691285, "Y": 0.7911807781217679}, "5": {"id": 5, "label": 1.0, "X": 0.17769987233807535, "Y": 0.7897890546340172}, "6": {"id": 6, "label": 0.0, "X": -0.2612909623523755, "Y": 0.5795568725136987}, "7": {"id": 7, "label": 0.0, "X": -0.3221185453078198, "Y": 1.1917797542824227}, "8": {"id": 8, "label": 1.0, "X": 0.12491813741749251, "Y": 1.246115824531143}, "9": {"id": 9, "label": 0.0, "X": -0.316700733902464, "Y": 1.033489397792216}, "10": {"id": 10, "label": 1.0, "X": -1.3609631978200412, "Y": 1.9276201723815118}, "11": {"id": 11, "label": 0.0, "X": -1.056622546736797, "Y": 0.8668361741538821}, "12": {"id": 12, "label": 0.0, "X": -1.179356745757461, "Y": 1.0682577374602524}, "13": {"id": 13, "label": 0.0, "X": -0.33262327036140293, "Y": 1.3955442311483484}, "14": {"id": 14, "label": 1.0, "X": 0.129600790703063, "Y": 1.7130505134463243}, "15": {"id": 15, "label": 0.0, "X": -1.3139501996456269, "Y": 1.5672577150931877}, "16": {"id": 16, "label": 0.0, "X": -1.3752225234398738, "Y": 1.1354911805747994}, "17": {"id": 17, "label": 1.0, "X": 0.10461546863152096, "Y": 2.2215031118123396}, "18": {"id": 18, "label": 0.0, "X": -1.6171457868314831, "Y": 1.4547967281947087}, "19": {"id": 19, "label": 0.0, "X": -0.38203654912277846, "Y": 1.8249024592287648}, "20": {"id": 20, "label": 0.0, "X": -1.4153395000727946, "Y": 1.1428707709562453}, "21": {"id": 21, "label": 0.0, "X": -0.5140883686697024, "Y": 1.6874238573364786}, "22": {"id": 22, "label": 1.0, "X": 0.03608718411344081, "Y": 2.1790048599670246}, "23": {"id": 23, "label": 1.0, "X": 0.12494379707765782, "Y": 1.307905561595551}, "24": {"id": 24, "label": 0.0, "X": -1.0749349218248643, "Y": 1.8249121753355604}}