{"0": {"id": 0, "label": 1.0, "X": 1.9219235309423344, "Y": 3.222226473142552}, "1": {"id": 1, "label": 1.0, "X": 1.8054572020613586, "Y": 5.410203793666982}, "2": {"id": 2, "label": 0.0, "X": -2.3651821044357257, "Y": 3.4077080341214914}, "3": {"id": 3, "label": 1.0, "X": 1.504906205124429, "Y": 10.651966630079738}, "4": {"id": 4, "label": 0.0, "X": -2.816378268691285, "Y": 7.9118077812176795}, "5": {"id": 5, "label": 1.0, "X": 1.7769987233807536, "Y": 7.897890546340172}, "6": {"id": 6, "label": 0.0, "X": -2.612909623523755, "Y": 5.795568725136987}, "7": {"id": 7, "label": 0.0, "X": -3.221185453078198, "Y": 11.917797542824228}, "8": {"id": 8, "label": 1.0, "X": 1.2491813741749251, "Y": 12.461158245311431}, "9": {"id": 9, "label": 0.0, "X": -3.1670073390246403, "Y": 10.334893977922158}, "10": {"id": 10, "label": 1.0, "X": -13.609631978200412, "Y": 19.276201723815117}, "11": {"id": 11, "label": 0.0, "X": -10.56622546736797, "Y": 8.66836174153882}, "12": {"id": 12, "label": 0.0, "X": -11.793567457574609, "Y": 10.682577374602523}, "13": {"id": 13, "label": 0.0, "X": -3.3262327036140293, "Y": 13.955442311483482}, "14": {"id": 14, "label": 1.0, "X": 1.2960079070306298, "Y": 17.13050513446324}, "15": {"id": 15, "label": 0.0, "X": -13.13950199645627, "Y": 15.672577150931877}, "16": {"id": 16, "label": 0.0, "X": -13.752225234398738, "Y": 11.354911805747996}, "17": {"id": 17, "label": 1.0, "X": 1.0461546863152096, "Y": 22.2150311181234}, "18": {"id": 18, "label": 0.0, "X": -16.171457868314832, "Y": 14.547967281947088}, "19": {"id": 19, "label": 0.0, "X": -3.8203654912277845, "Y": 18.249024592287647}, "20": {"id": 20, "label": 0.0, "X": -14.153395000727945, "Y": 11.428707709562453}, "21": {"id": 21, "label": 0.0, "X": -5.140883686697024, "Y": 16.874238573364785}, "22": {"id": 22, "label": 1.0, "X": 0.3608718411344081, "Y": 21.790048599670243}, "23": {"id": 23, "label": 1.0, "X": 1.2494379707765781, "Y": 13.079055615955511}, "24": {"id": 24, "label": 0.0, "X": -10.749349218248643, "Y": 18.249121753355606}}