{"0": {"id": 0, "label": 1.0, "X": 0.16919651223807167, "Y": 0.3936011186806845}, "1": {"id": 1, "label": 1.0, "X": 0.16854799763867687, "Y": 0.1592076805284202}, "2": {"id": 2, "label": 0.0, "X": -0.26053471118038335, "Y": 0.3982917400838184}, "3": {"id": 3, "label": 0.0, "X": -0.21566673583879364, "Y": 0.1790050965032683}, "4": {"id": 4, "label": 1.0, "X": 0.14761534957101427, "Y": 0.5920291659846881}, "5": {"id": 5, "label": 0.0, "X": -0.31212940721840554, "Y": 0.6581069253946703}, "6": {"id": 6, "label": 0.0, "X": -0.3417306075295907, "Y": 0.8644500623144054}, "7": {"id": 7, "label": 1.0, "X": 0.1096299968926483, "Y": 0.8158719517239663}, "8": {"id": 8, "label": 1.0, "X": 0.0862006347811752, "Y": 1.0524512031190247}, "9": {"id": 9, "label": 0.0, "X": -1.487865560802019, "Y": 1.5494039641743194}, "10": {"id": 10, "label": 1.0, "X": -0.02827914773539138, "Y": 1.8353766379838743}, "11": {"id": 11, "label": 1.0, "X": -1.0889744490597055, "Y": 1.888830277838978}, "12": {"id": 12, "label": 0.0, "X": -0.37967342286075356, "Y": 1.2562789304784299}, "13": {"id": 13, "label": 0.0, "X": -0.35318987262329204, "Y": 1.0302583585625755}, "14": {"id": 14, "label": 1.0, "X": -1.575258708741011, "Y": 1.4696687232664898}, "15": {"id": 15, "label": 0.0, "X": -0.8182549291844041, "Y": 1.8209945659581295}, "16": {"id": 16, "label": 0.0, "X": -1.158238050469652, "Y": 1.7018022043799925}, "17": {"id": 17, "label": 1.0, "X": 0.032744878255964456, "Y": 1.5433548025399557}, "18": {"id": 18, "label": 0.0, "X": -0.6232528256121628, "Y": 1.705636476806581}, "19": {"id": 19, "label": 1.0, "X": -1.3683055271399625, "Y": 1.7018037813341005}, "20": {"id": 20, "label": 1.0, "X": 0.06984914330614474, "Y": 1.3978801003430292}, "21": {"id": 21, "label": 1.0, "X": -0.40919742882133175, "Y": 1.927604567623343}, "22": {"id": 22, "label": 1.0, "X": 0.03915555044853789, "Y": 1.511552977173235}, "23": {"id": 23, "label": 0.0, "X": -0.41028627340320173, "Y": 1.564290075319011}, "24": {"id": 24, "label": 0.0, "X": -0.37714855126587593, "Y": 1.3079694789618475}, "25": {"id": 25, "label": 1.0, "X": -0.2204202207106222, "Y": 1.8353773200298376}, "26": {"id": 26, "label": 0.0, "X": -0.4111953590925973, "Y": 1.4116686107080665}}