{"0": {"id": 0, "label": 1.0, "X": 1.6919651223807166, "Y": 3.9360111868068453}, "1": {"id": 1, "label": 1.0, "X": 1.6854799763867687, "Y": 1.592076805284202}, "2": {"id": 2, "label": 0.0, "X": -2.6053471118038334, "Y": 3.9829174008381836}, "3": {"id": 3, "label": 0.0, "X": -2.1566673583879363, "Y": 1.7900509650326828}, "4": {"id": 4, "label": 1.0, "X": 1.4761534957101425, "Y": 5.920291659846881}, "5": {"id": 5, "label": 0.0, "X": -3.1212940721840554, "Y": 6.581069253946704}, "6": {"id": 6, "label": 0.0, "X": -3.4173060752959072, "Y": 8.644500623144054}, "7": {"id": 7, "label": 1.0, "X": 1.096299968926483, "Y": 8.158719517239662}, "8": {"id": 8, "label": 1.0, "X": 0.862006347811752, "Y": 10.52451203119025}, "9": {"id": 9, "label": 0.0, "X": -14.878655608020189, "Y": 15.494039641743194}, "10": {"id": 10, "label": 1.0, "X": -0.2827914773539138, "Y": 18.353766379838742}, "11": {"id": 11, "label": 1.0, "X": -10.889744490597055, "Y": 18.88830277838978}, "12": {"id": 12, "label": 0.0, "X": -3.7967342286075354, "Y": 12.562789304784298}, "13": {"id": 13, "label": 0.0, "X": -3.5318987262329204, "Y": 10.302583585625754}, "14": {"id": 14, "label": 1.0, "X": -15.752587087410111, "Y": 14.696687232664896}, "15": {"id": 15, "label": 0.0, "X": -8.182549291844042, "Y": 18.209945659581294}, "16": {"id": 16, "label": 0.0, "X": -11.58238050469652, "Y": 17.018022043799927}, "17": {"id": 17, "label": 1.0, "X": 0.32744878255964455, "Y": 15.433548025399556}, "18": {"id": 18, "label": 0.0, "X": -6.232528256121627, "Y": 17.05636476806581}, "19": {"id": 19, "label": 1.0, "X": -13.683055271399624, "Y": 17.018037813341003}, "20": {"id": 20, "label": 1.0, "X": 0.6984914330614473, "Y": 13.978801003430291}, "21": {"id": 21, "label": 1.0, "X": -4.091974288213318, "Y": 19.27604567623343}, "22": {"id": 22, "label": 1.0, "X": 0.3915555044853789, "Y": 15.115529771732348}, "23": {"id": 23, "label": 0.0, "X": -4.102862734032017, "Y": 15.64290075319011}, "24": {"id": 24, "label": 0.0, "X": -3.7714855126587596, "Y": 13.079694789618475}, "25": {"id": 25, "label": 1.0, "X": -2.204202207106222, "Y": 18.353773200298374}, "26": {"id": 26, "label": 0.0, "X": -4.111953590925973, "Y": 14.116686107080666}}