{"0": {"id": 0, "label": 0.0, "X": -2.2553125487969328, "Y": 2.055692787387401}, "1": {"id": 1, "label": 1.0, "X": 1.7133007564393292, "Y": 1.9553038148823274}, "2": {"id": 2, "label": 1.0, "X": 1.4155581378044975, "Y": 6.373851612079366}, "3": {"id": 3, "label": 1.0, "X": 1.7272918816129488, "Y": 4.1669242398628725}, "4": {"id": 4, "label": 1.0, "X": 1.2546903087483614, "Y": 11.736499387171273}, "5": {"id": 5, "label": 0.0, "X": -3.3613623536467876, "Y": 9.094682837373115}, "6": {"id": 6, "label": 0.0, "X": -2.712241667765411, "Y": 4.406296265410475}, "7": {"id": 7, "label": 1.0, "X": 1.3878440883193959, "Y": 9.548874350393863}, "8": {"id": 8, "label": 0.0, "X": -13.724440645080207, "Y": 13.079813864169402}, "9": {"id": 9, "label": 0.0, "X": -3.1547360449468433, "Y": 6.891764229057546}, "10": {"id": 10, "label": 1.0, "X": 0.3324170244094142, "Y": 17.130506531116577}, "11": {"id": 11, "label": 0.0, "X": -10.65463259031672, "Y": 14.696630492276052}, "12": {"id": 12, "label": 1.0, "X": 1.202990348339388, "Y": 14.926977324261493}, "13": {"id": 13, "label": 1.0, "X": -14.730185657225498, "Y": 17.279418253244227}, "14": {"id": 14, "label": 1.0, "X": -3.371854323779182, "Y": 17.10522493577694}, "15": {"id": 15, "label": 1.0, "X": -11.332447395595194, "Y": 18.88831662967576}, "16": {"id": 16, "label": 0.0, "X": -3.5616234111305918, "Y": 12.535236148803248}, "17": {"id": 17, "label": 1.0, "X": -16.46535332410474, "Y": 14.171730327193488}, "18": {"id": 18, "label": 0.0, "X": -5.750968695412417, "Y": 15.531251180038492}, "19": {"id": 19, "label": 0.0, "X": -7.34563074856335, "Y": 15.776827711240125}, "20": {"id": 20, "label": 1.0, "X": -8.846813876210463, "Y": 18.359103578540314}, "21": {"id": 21, "label": 0.0, "X": -3.4429690620042614, "Y": 11.040643883363447}}