{"0": {"id": 0, "label": 0.0, "X": -0.22553125487969328, "Y": 0.2055692787387401}, "1": {"id": 1, "label": 1.0, "X": 0.17133007564393293, "Y": 0.19553038148823274}, "2": {"id": 2, "label": 1.0, "X": 0.14155581378044974, "Y": 0.6373851612079366}, "3": {"id": 3, "label": 1.0, "X": 0.17272918816129487, "Y": 0.4166924239862872}, "4": {"id": 4, "label": 1.0, "X": 0.12546903087483613, "Y": 1.1736499387171273}, "5": {"id": 5, "label": 0.0, "X": -0.33613623536467874, "Y": 0.9094682837373115}, "6": {"id": 6, "label": 0.0, "X": -0.2712241667765411, "Y": 0.44062962654104754}, "7": {"id": 7, "label": 1.0, "X": 0.1387844088319396, "Y": 0.9548874350393863}, "8": {"id": 8, "label": 0.0, "X": -1.3724440645080207, "Y": 1.3079813864169403}, "9": {"id": 9, "label": 0.0, "X": -0.3154736044946843, "Y": 0.6891764229057545}, "10": {"id": 10, "label": 1.0, "X": 0.03324170244094142, "Y": 1.7130506531116578}, "11": {"id": 11, "label": 0.0, "X": -1.065463259031672, "Y": 1.469663049227605}, "12": {"id": 12, "label": 1.0, "X": 0.1202990348339388, "Y": 1.4926977324261492}, "13": {"id": 13, "label": 1.0, "X": -1.4730185657225499, "Y": 1.7279418253244225}, "14": {"id": 14, "label": 1.0, "X": -0.3371854323779182, "Y": 1.7105224935776937}, "15": {"id": 15, "label": 1.0, "X": -1.1332447395595195, "Y": 1.8888316629675759}, "16": {"id": 16, "label": 0.0, "X": -0.35616234111305917, "Y": 1.2535236148803248}, "17": {"id": 17, "label": 1.0, "X": -1.6465353324104741, "Y": 1.4171730327193486}, "18": {"id": 18, "label": 0.0, "X": -0.5750968695412417, "Y": 1.5531251180038492}, "19": {"id": 19, "label": 0.0, "X": -0.734563074856335, "Y": 1.5776827711240125}, "20": {"id": 20, "label": 1.0, "X": -0.8846813876210463, "Y": 1.8359103578540314}, "21": {"id": 21, "label": 0.0, "X": -0.34429690620042613, "Y": 1.1040643883363448}}