{"0": {"id": 0, "label": 0.0, "X": -2.4618045276698632, "Y": 2.4938902067327833}, "1": {"id": 1, "label": 1.0, "X": 1.0596709773008222, "Y": 9.59009637302703}, "2": {"id": 2, "label": 1.0, "X": 1.6256697454148863, "Y": 2.4789138540162456}, "3": {"id": 3, "label": 1.0, "X": 0.9638231645331391, "Y": 12.553100040506285}, "4": {"id": 4, "label": 0.0, "X": -3.0724902842498056, "Y": 4.93395037499976}, "5": {"id": 5, "label": 1.0, "X": 1.3615907921841301, "Y": 4.810846794607164}, "6": {"id": 6, "label": 0.0, "X": -3.7745243860186792, "Y": 9.815094492926871}, "7": {"id": 7, "label": 0.0, "X": -3.3386151604985836, "Y": 7.136590671689255}, "8": {"id": 8, "label": 1.0, "X": 1.1764832319596157, "Y": 7.230385526133052}, "9": {"id": 9, "label": 0.0, "X": -11.01683736222603, "Y": 13.193293234285456}, "10": {"id": 10, "label": 0.0, "X": -14.445098243427035, "Y": 11.881017356646321}, "11": {"id": 11, "label": 0.0, "X": -3.819108948818446, "Y": 11.256417150172567}, "12": {"id": 12, "label": 0.0, "X": -4.4256247338051224, "Y": 14.589380485617744}, "13": {"id": 13, "label": 1.0, "X": -4.483521195893768, "Y": 19.276055269765415}, "14": {"id": 14, "label": 0.0, "X": -7.963138922921483, "Y": 14.92703789825445}, "15": {"id": 15, "label": 1.0, "X": -10.555972741965045, "Y": 15.53128536460039}, "16": {"id": 16, "label": 1.0, "X": 0.6648278541958076, "Y": 13.914556133118783}, "17": {"id": 17, "label": 0.0, "X": -6.414773374555166, "Y": 14.984421280012379}, "18": {"id": 18, "label": 1.0, "X": -7.046204537449959, "Y": 17.713712131352764}, "19": {"id": 19, "label": 1.0, "X": 0.07672474395761375, "Y": 15.642890816233106}, "20": {"id": 20, "label": 1.0, "X": -8.602854427101025, "Y": 15.776841879782408}, "21": {"id": 21, "label": 0.0, "X": -5.723827591839529, "Y": 17.105239429837454}, "22": {"id": 22, "label": 1.0, "X": -12.810317967300012, "Y": 13.193311069704448}, "23": {"id": 23, "label": 1.0, "X": -2.2511004449312098, "Y": 18.508411516621976}}