{"0": {"id": 0, "label": 0.0, "X": -0.2461804527669863, "Y": 0.24938902067327834}, "1": {"id": 1, "label": 1.0, "X": 0.10596709773008221, "Y": 0.959009637302703}, "2": {"id": 2, "label": 1.0, "X": 0.16256697454148863, "Y": 0.24789138540162456}, "3": {"id": 3, "label": 1.0, "X": 0.09638231645331391, "Y": 1.2553100040506286}, "4": {"id": 4, "label": 0.0, "X": -0.30724902842498053, "Y": 0.493395037499976}, "5": {"id": 5, "label": 1.0, "X": 0.13615907921841303, "Y": 0.48108467946071637}, "6": {"id": 6, "label": 0.0, "X": -0.37745243860186795, "Y": 0.9815094492926871}, "7": {"id": 7, "label": 0.0, "X": -0.33386151604985836, "Y": 0.7136590671689256}, "8": {"id": 8, "label": 1.0, "X": 0.11764832319596158, "Y": 0.7230385526133053}, "9": {"id": 9, "label": 0.0, "X": -1.101683736222603, "Y": 1.3193293234285457}, "10": {"id": 10, "label": 0.0, "X": -1.4445098243427035, "Y": 1.1881017356646322}, "11": {"id": 11, "label": 0.0, "X": -0.3819108948818446, "Y": 1.1256417150172568}, "12": {"id": 12, "label": 0.0, "X": -0.44256247338051224, "Y": 1.4589380485617744}, "13": {"id": 13, "label": 1.0, "X": -0.4483521195893768, "Y": 1.9276055269765413}, "14": {"id": 14, "label": 0.0, "X": -0.7963138922921483, "Y": 1.4927037898254452}, "15": {"id": 15, "label": 1.0, "X": -1.0555972741965045, "Y": 1.5531285364600391}, "16": {"id": 16, "label": 1.0, "X": 0.06648278541958076, "Y": 1.3914556133118785}, "17": {"id": 17, "label": 0.0, "X": -0.6414773374555166, "Y": 1.4984421280012379}, "18": {"id": 18, "label": 1.0, "X": -0.7046204537449958, "Y": 1.7713712131352763}, "19": {"id": 19, "label": 1.0, "X": 0.007672474395761375, "Y": 1.5642890816233106}, "20": {"id": 20, "label": 1.0, "X": -0.8602854427101025, "Y": 1.5776841879782406}, "21": {"id": 21, "label": 0.0, "X": -0.572382759183953, "Y": 1.710523942983745}, "22": {"id": 22, "label": 1.0, "X": -1.2810317967300011, "Y": 1.3193311069704448}, "23": {"id": 23, "label": 1.0, "X": -0.225110044493121, "Y": 1.8508411516621976}}