{"0": {"id": 0, "label": 1.0, "X": 0.15366194385559603, "Y": 0.21438208573080497}, "1": {"id": 1, "label": 1.0, "X": 0.14906571075283026, "Y": 0.4393270082622305}, "2": {"id": 2, "label": 0.0, "X": -0.25413866826559794, "Y": 0.22050834189011204}, "3": {"id": 3, "label": 0.0, "X": -0.34790547788668674, "Y": 0.9470020903779265}, "4": {"id": 4, "label": 1.0, "X": 0.1476184010846792, "Y": 0.6509440421765157}, "5": {"id": 5, "label": 0.0, "X": -0.2957972480881624, "Y": 0.46017900630681746}, "6": {"id": 6, "label": 0.0, "X": -0.5796464311229959, "Y": 1.269844486836554}, "7": {"id": 7, "label": 0.0, "X": -0.6783245414243145, "Y": 1.1639389693363755}, "8": {"id": 8, "label": 0.0, "X": -0.3572890567495169, "Y": 1.1516152143977785}, "9": {"id": 9, "label": 1.0, "X": -1.2995883689196464, "Y": 1.1788313874092122}, "10": {"id": 10, "label": 0.0, "X": -1.0603967691998792, "Y": 1.0992077838583085}, "11": {"id": 11, "label": 1.0, "X": -0.9569170436199909, "Y": 1.2854736901958974}, "12": {"id": 12, "label": 1.0, "X": -0.1292614761386114, "Y": 1.4926990068573471}, "13": {"id": 13, "label": 1.0, "X": -0.6042693481328179, "Y": 1.4816160875551816}, "14": {"id": 14, "label": 0.0, "X": -0.3170840120698543, "Y": 0.6926944842623826}, "15": {"id": 15, "label": 1.0, "X": 0.08447541387052142, "Y": 1.3135971220981006}, "16": {"id": 16, "label": 1.0, "X": 0.14472727673149777, "Y": 0.8808269274743583}, "17": {"id": 17, "label": 1.0, "X": 0.13495043300713708, "Y": 1.1193785225740662}, "18": {"id": 18, "label": 1.0, "X": -0.31952042086363114, "Y": 1.4816122041354751}}