{"0": {"id": 0, "label": 1.0, "X": 1.5366194385559604, "Y": 2.1438208573080497}, "1": {"id": 1, "label": 1.0, "X": 1.4906571075283026, "Y": 4.393270082622305}, "2": {"id": 2, "label": 0.0, "X": -2.5413866826559794, "Y": 2.2050834189011206}, "3": {"id": 3, "label": 0.0, "X": -3.479054778866867, "Y": 9.470020903779265}, "4": {"id": 4, "label": 1.0, "X": 1.476184010846792, "Y": 6.509440421765158}, "5": {"id": 5, "label": 0.0, "X": -2.9579724808816237, "Y": 4.601790063068175}, "6": {"id": 6, "label": 0.0, "X": -5.7964643112299585, "Y": 12.698444868365542}, "7": {"id": 7, "label": 0.0, "X": -6.7832454142431455, "Y": 11.639389693363755}, "8": {"id": 8, "label": 0.0, "X": -3.5728905674951688, "Y": 11.516152143977786}, "9": {"id": 9, "label": 1.0, "X": -12.995883689196464, "Y": 11.788313874092124}, "10": {"id": 10, "label": 0.0, "X": -10.603967691998792, "Y": 10.992077838583086}, "11": {"id": 11, "label": 1.0, "X": -9.56917043619991, "Y": 12.854736901958978}, "12": {"id": 12, "label": 1.0, "X": -1.2926147613861136, "Y": 14.92699006857347}, "13": {"id": 13, "label": 1.0, "X": -6.042693481328179, "Y": 14.816160875551814}, "14": {"id": 14, "label": 0.0, "X": -3.1708401206985433, "Y": 6.926944842623825}, "15": {"id": 15, "label": 1.0, "X": 0.8447541387052141, "Y": 13.135971220981006}, "16": {"id": 16, "label": 1.0, "X": 1.4472727673149777, "Y": 8.808269274743584}, "17": {"id": 17, "label": 1.0, "X": 1.3495043300713707, "Y": 11.193785225740662}, "18": {"id": 18, "label": 1.0, "X": -3.1952042086363113, "Y": 14.816122041354749}}