{"0": {"id": 0, "label": 1.0, "X": 0.14415451091560436, "Y": 0.22136649026950522}, "1": {"id": 1, "label": 0.0, "X": -0.2766403308317823, "Y": 0.23520498913919835}, "2": {"id": 2, "label": 1.0, "X": 0.15164434017185482, "Y": 0.45784475676217795}, "3": {"id": 3, "label": 0.0, "X": -0.30625894614252835, "Y": 0.4595431146282649}, "4": {"id": 4, "label": 0.0, "X": -1.0636772504934013, "Y": 0.8755201843286987}, "5": {"id": 5, "label": 1.0, "X": -0.3103798398103224, "Y": 1.1853570484041}, "6": {"id": 6, "label": 1.0, "X": -0.13072400046133228, "Y": 1.1853555665711126}, "7": {"id": 7, "label": 1.0, "X": 0.13481893438770443, "Y": 0.9376839704640824}, "8": {"id": 8, "label": 0.0, "X": -0.3293325257351229, "Y": 0.6728288990776043}, "9": {"id": 9, "label": 1.0, "X": 0.14175368156354923, "Y": 0.6691498840657747}, "10": {"id": 10, "label": 1.0, "X": -0.5814542883413438, "Y": 1.200960553171064}, "11": {"id": 11, "label": 1.0, "X": 0.0755903276662766, "Y": 1.075555030256225}, "12": {"id": 12, "label": 1.0, "X": -1.002727305346416, "Y": 1.123933958155668}, "13": {"id": 13, "label": 0.0, "X": -0.3521270823482979, "Y": 0.9036039658548276}, "14": {"id": 14, "label": 0.0, "X": -0.44145996785698627, "Y": 1.0306168936970161}, "15": {"id": 15, "label": 0.0, "X": -0.5952582873680808, "Y": 1.058291431938851}, "16": {"id": 16, "label": 0.0, "X": -0.8078128331637126, "Y": 1.1253796663574303}, "17": {"id": 17, "label": 1.0, "X": -0.8687680612804893, "Y": 1.2490681624785822}}