{"0": {"id": 0, "label": 1.0, "X": 1.4415451091560436, "Y": 2.213664902695052}, "1": {"id": 1, "label": 0.0, "X": -2.7664033083178228, "Y": 2.3520498913919834}, "2": {"id": 2, "label": 1.0, "X": 1.5164434017185484, "Y": 4.5784475676217795}, "3": {"id": 3, "label": 0.0, "X": -3.0625894614252833, "Y": 4.595431146282649}, "4": {"id": 4, "label": 0.0, "X": -10.636772504934013, "Y": 8.755201843286988}, "5": {"id": 5, "label": 1.0, "X": -3.103798398103224, "Y": 11.853570484041002}, "6": {"id": 6, "label": 1.0, "X": -1.307240004613323, "Y": 11.853555665711129}, "7": {"id": 7, "label": 1.0, "X": 1.3481893438770445, "Y": 9.376839704640824}, "8": {"id": 8, "label": 0.0, "X": -3.293325257351229, "Y": 6.7282889907760435}, "9": {"id": 9, "label": 1.0, "X": 1.4175368156354924, "Y": 6.691498840657746}, "10": {"id": 10, "label": 1.0, "X": -5.814542883413438, "Y": 12.009605531710642}, "11": {"id": 11, "label": 1.0, "X": 0.755903276662766, "Y": 10.75555030256225}, "12": {"id": 12, "label": 1.0, "X": -10.027273053464162, "Y": 11.239339581556681}, "13": {"id": 13, "label": 0.0, "X": -3.5212708234829795, "Y": 9.036039658548274}, "14": {"id": 14, "label": 0.0, "X": -4.4145996785698625, "Y": 10.306168936970163}, "15": {"id": 15, "label": 0.0, "X": -5.952582873680809, "Y": 10.582914319388511}, "16": {"id": 16, "label": 0.0, "X": -8.078128331637126, "Y": 11.2537966635743}, "17": {"id": 17, "label": 1.0, "X": -8.687680612804893, "Y": 12.490681624785823}}