{"0": {"id": 0, "label": 1.0, "X": 1.498566611206304, "Y": 3.1373921695911515}, "1": {"id": 1, "label": 0.0, "X": -2.952683039446436, "Y": 3.1802397933103577}, "2": {"id": 2, "label": 1.0, "X": -1.0963587372350845, "Y": 8.158740969915026}, "3": {"id": 3, "label": 1.0, "X": 1.4473122874267592, "Y": 5.44434735871679}, "4": {"id": 4, "label": 1.0, "X": -3.0985930454217407, "Y": 9.103353620634774}, "5": {"id": 5, "label": 1.0, "X": -7.862243497217969, "Y": 8.350732616370614}, "6": {"id": 6, "label": 1.0, "X": -5.989924596124065, "Y": 9.193123429505816}, "7": {"id": 7, "label": 0.0, "X": -3.3117814845662608, "Y": 5.570069049031924}, "8": {"id": 8, "label": 1.0, "X": 0.9054103586720618, "Y": 6.956640472568333}, "9": {"id": 9, "label": 0.0, "X": -7.201267962553516, "Y": 6.731309356016437}, "10": {"id": 10, "label": 0.0, "X": -3.8339418120016777, "Y": 6.126017579648748}, "11": {"id": 11, "label": 1.0, "X": -10.328087799312058, "Y": 8.341495730807837}, "12": {"id": 12, "label": 0.0, "X": -5.393594667664514, "Y": 6.593365580655689}, "13": {"id": 13, "label": 0.0, "X": -3.945984055929799, "Y": 6.289337562524683}}