{"0": {"id": 0, "label": 1.0, "X": 0.1498566611206304, "Y": 0.3137392169591151}, "1": {"id": 1, "label": 0.0, "X": -0.2952683039446436, "Y": 0.31802397933103577}, "2": {"id": 2, "label": 1.0, "X": -0.10963587372350844, "Y": 0.8158740969915027}, "3": {"id": 3, "label": 1.0, "X": 0.1447312287426759, "Y": 0.544434735871679}, "4": {"id": 4, "label": 1.0, "X": -0.3098593045421741, "Y": 0.9103353620634773}, "5": {"id": 5, "label": 1.0, "X": -0.7862243497217969, "Y": 0.8350732616370614}, "6": {"id": 6, "label": 1.0, "X": -0.5989924596124065, "Y": 0.9193123429505816}, "7": {"id": 7, "label": 0.0, "X": -0.3311781484566261, "Y": 0.5570069049031923}, "8": {"id": 8, "label": 1.0, "X": 0.09054103586720617, "Y": 0.6956640472568333}, "9": {"id": 9, "label": 0.0, "X": -0.7201267962553516, "Y": 0.6731309356016437}, "10": {"id": 10, "label": 0.0, "X": -0.38339418120016777, "Y": 0.6126017579648747}, "11": {"id": 11, "label": 1.0, "X": -1.0328087799312058, "Y": 0.8341495730807837}, "12": {"id": 12, "label": 0.0, "X": -0.5393594667664514, "Y": 0.6593365580655689}, "13": {"id": 13, "label": 0.0, "X": -0.39459840559297993, "Y": 0.6289337562524682}}