{"0": {"id": 0, "label": 1.0, "X": 0.1110685432319681, "Y": 0.34221869199307114}, "1": {"id": 1, "label": 1.0, "X": 0.047865594721683745, "Y": 0.49301074006432927}, "2": {"id": 2, "label": 1.0, "X": -0.16883811745065294, "Y": 0.647114054353774}, "3": {"id": 3, "label": 1.0, "X": -0.3577993500288558, "Y": 0.6806648000323046}, "4": {"id": 4, "label": 1.0, "X": -0.6184802144689071, "Y": 0.6662155040620686}, "5": {"id": 5, "label": 0.0, "X": -0.3539034747320867, "Y": 0.34818839457905837}, "6": {"id": 6, "label": 1.0, "X": 0.18576709393467866, "Y": 0.17991177644056502}, "7": {"id": 7, "label": 0.0, "X": -0.45025193614805686, "Y": 0.4467038353476266}, "8": {"id": 8, "label": 0.0, "X": -0.5921422315074342, "Y": 0.47756944463548573}, "9": {"id": 9, "label": 0.0, "X": -0.29769304395884344, "Y": 0.29346424890446854}}