{"0": {"id": 0, "label": 1.0, "X": 1.110685432319681, "Y": 3.422186919930711}, "1": {"id": 1, "label": 1.0, "X": 0.4786559472168374, "Y": 4.930107400643292}, "2": {"id": 2, "label": 1.0, "X": -1.6883811745065296, "Y": 6.471140543537739}, "3": {"id": 3, "label": 1.0, "X": -3.5779935002885583, "Y": 6.806648000323045}, "4": {"id": 4, "label": 1.0, "X": -6.184802144689071, "Y": 6.662155040620687}, "5": {"id": 5, "label": 0.0, "X": -3.539034747320867, "Y": 3.481883945790584}, "6": {"id": 6, "label": 1.0, "X": 1.8576709393467865, "Y": 1.7991177644056504}, "7": {"id": 7, "label": 0.0, "X": -4.5025193614805685, "Y": 4.467038353476266}, "8": {"id": 8, "label": 0.0, "X": -5.9214223150743415, "Y": 4.775694446354857}, "9": {"id": 9, "label": 0.0, "X": -2.9769304395884344, "Y": 2.9346424890446854}}