{"0": {"id": 0, "label": 1.0, "X": 1.1300897439863666, "Y": 2.8667395733853107}, "1": {"id": 1, "label": 1.0, "X": -0.7219125237908383, "Y": 4.250261271148837}, "2": {"id": 2, "label": 1.0, "X": -2.5591533865412064, "Y": 4.9107734409780734}, "3": {"id": 3, "label": 1.0, "X": -5.137384453139492, "Y": 4.878629275516606}, "4": {"id": 4, "label": 1.0, "X": 1.575326932613041, "Y": 1.5194085460244309}}