{"0": {"id": 0, "label": 1.0, "X": 0.11300897439863665, "Y": 0.28667395733853107}, "1": {"id": 1, "label": 1.0, "X": -0.07219125237908382, "Y": 0.42502612711488363}, "2": {"id": 2, "label": 1.0, "X": -0.25591533865412064, "Y": 0.49107734409780734}, "3": {"id": 3, "label": 1.0, "X": -0.5137384453139493, "Y": 0.48786292755166066}, "4": {"id": 4, "label": 1.0, "X": 0.1575326932613041, "Y": 0.15194085460244308}}