{"0": {"id": 0, "label": 1.0, "X": 1.3292799779000366, "Y": 2.2490302182040085}, "1": {"id": 1, "label": 1.0, "X": 0.06772520710238902, "Y": 3.3153366998041047}, "2": {"id": 2, "label": 1.0, "X": -2.44167724261404, "Y": 3.7712407440379843}, "3": {"id": 3, "label": 1.0, "X": -4.752960403310334, "Y": 3.9449514414384637}}