{"0": {"id": 0, "label": 1.0, "X": 0.13292799779000367, "Y": 0.22490302182040087}, "1": {"id": 1, "label": 1.0, "X": 0.006772520710238902, "Y": 0.3315336699804105}, "2": {"id": 2, "label": 1.0, "X": -0.24416772426140396, "Y": 0.3771240744037984}, "3": {"id": 3, "label": 1.0, "X": -0.4752960403310334, "Y": 0.3944951441438464}}