{"0": {"id": 0, "label": 1.0, "X": 1.1049298433080081, "Y": 2.064147575000735}, "1": {"id": 1, "label": 1.0, "X": -0.7233510180557969, "Y": 3.003638927165802}, "2": {"id": 2, "label": 1.0, "X": -2.8868599287255376, "Y": 3.044675650835075}, "3": {"id": 3, "label": 0.0, "X": -1.2591946362367783, "Y": 1.589608574660919}}