{"0": {"id": 0, "label": 1.0, "X": 0.11049298433080082, "Y": 0.20641475750007351}, "1": {"id": 1, "label": 1.0, "X": -0.07233510180557969, "Y": 0.3003638927165802}, "2": {"id": 2, "label": 1.0, "X": -0.28868599287255375, "Y": 0.30446756508350753}, "3": {"id": 3, "label": 0.0, "X": -0.1259194636236778, "Y": 0.1589608574660919}}