{"0": {"id": 0, "label": 1.0, "X": -0.2717925954113525, "Y": 0.3216090417636411}, "1": {"id": 1, "label": 1.0, "X": 0.10546395822659904, "Y": 0.49053775050374876}}