{"0": {"id": 0, "label": 1.0, "X": -2.717925954113525, "Y": 3.2160904176364107}, "1": {"id": 1, "label": 1.0, "X": 1.0546395822659904, "Y": 4.905377505037488}}