{"0": {"id": 0, "label": 1.0, "X": -1.0336714888835004, "Y": 4.549115345227055}, "1": {"id": 1, "label": 1.0, "X": 0.8622736814115644, "Y": 3.332522008065207}, "2": {"id": 2, "label": 1.0, "X": -4.895026391877066, "Y": 7.738358105434204}, "3": {"id": 3, "label": 1.0, "X": -2.9285347826197277, "Y": 6.563876164110346}, "4": {"id": 4, "label": 1.0, "X": -6.425500992494947, "Y": 7.880384657372767}, "5": {"id": 5, "label": 1.0, "X": -8.845717449733781, "Y": 8.3077667006765}, "6": {"id": 6, "label": 0.0, "X": -8.525546820126472, "Y": 6.906757679938679}, "7": {"id": 7, "label": 0.0, "X": -6.5820731474215, "Y": 5.740366920541775}, "8": {"id": 8, "label": 0.0, "X": -5.7700391501400325, "Y": 4.645878796421197}}