{"0": {"id": 0, "label": 1.0, "X": -0.10336714888835004, "Y": 0.4549115345227055}, "1": {"id": 1, "label": 1.0, "X": 0.08622736814115643, "Y": 0.33325220080652074}, "2": {"id": 2, "label": 1.0, "X": -0.48950263918770653, "Y": 0.7738358105434203}, "3": {"id": 3, "label": 1.0, "X": -0.2928534782619728, "Y": 0.6563876164110346}, "4": {"id": 4, "label": 1.0, "X": -0.6425500992494947, "Y": 0.7880384657372766}, "5": {"id": 5, "label": 1.0, "X": -0.8845717449733782, "Y": 0.83077667006765}, "6": {"id": 6, "label": 0.0, "X": -0.8525546820126472, "Y": 0.6906757679938679}, "7": {"id": 7, "label": 0.0, "X": -0.65820731474215, "Y": 0.5740366920541775}, "8": {"id": 8, "label": 0.0, "X": -0.5770039150140033, "Y": 0.4645878796421197}}