{"0": {"id": 0, "label": 1.0, "X": 0.833987236266818, "Y": 2.6801173022287856}, "1": {"id": 1, "label": 1.0, "X": -0.13478967887997767, "Y": 4.796771115298485}, "2": {"id": 2, "label": 1.0, "X": -3.0825094892947167, "Y": 6.827186184692391}, "3": {"id": 3, "label": 0.0, "X": -5.566063715578352, "Y": 5.710033082089731}, "4": {"id": 4, "label": 0.0, "X": -4.095431317259952, "Y": 4.544923480691589}, "5": {"id": 5, "label": 1.0, "X": -1.5876606309133723, "Y": 6.392071254992529}, "6": {"id": 6, "label": 1.0, "X": -5.34902235324907, "Y": 7.4981514062554036}, "7": {"id": 7, "label": 0.0, "X": -7.083879621920065, "Y": 5.9353594842406014}, "8": {"id": 8, "label": 1.0, "X": -7.547152093540682, "Y": 7.618797550973422}}