{"0": {"id": 0, "label": 1.0, "X": 0.08339872362668181, "Y": 0.26801173022287855}, "1": {"id": 1, "label": 1.0, "X": -0.013478967887997765, "Y": 0.4796771115298485}, "2": {"id": 2, "label": 1.0, "X": -0.3082509489294717, "Y": 0.6827186184692391}, "3": {"id": 3, "label": 0.0, "X": -0.5566063715578351, "Y": 0.571003308208973}, "4": {"id": 4, "label": 0.0, "X": -0.4095431317259952, "Y": 0.4544923480691589}, "5": {"id": 5, "label": 1.0, "X": -0.15876606309133723, "Y": 0.639207125499253}, "6": {"id": 6, "label": 1.0, "X": -0.534902235324907, "Y": 0.7498151406255404}, "7": {"id": 7, "label": 0.0, "X": -0.7083879621920065, "Y": 0.5935359484240601}, "8": {"id": 8, "label": 1.0, "X": -0.7547152093540682, "Y": 0.7618797550973422}}