{"0": {"id": 0, "label": 1.0, "X": -0.14190478299046103, "Y": 0.5090609513475688}, "1": {"id": 1, "label": 0.0, "X": -0.2752411250673418, "Y": 0.25997285882949667}, "2": {"id": 2, "label": 1.0, "X": 0.09837501425261667, "Y": 0.2937778833884475}, "3": {"id": 3, "label": 1.0, "X": -0.005713030080490436, "Y": 0.4511789034781536}, "4": {"id": 4, "label": 1.0, "X": -0.3495455467756325, "Y": 0.5812998628544708}, "5": {"id": 5, "label": 0.0, "X": -0.36524527450988054, "Y": 0.34829537061138105}, "6": {"id": 6, "label": 1.0, "X": -0.5372536420328947, "Y": 0.5829368635747174}}