{"0": {"id": 0, "label": 1.0, "X": -1.4190478299046103, "Y": 5.090609513475688}, "1": {"id": 1, "label": 0.0, "X": -2.7524112506734175, "Y": 2.599728588294967}, "2": {"id": 2, "label": 1.0, "X": 0.9837501425261668, "Y": 2.937778833884475}, "3": {"id": 3, "label": 1.0, "X": -0.05713030080490437, "Y": 4.511789034781536}, "4": {"id": 4, "label": 1.0, "X": -3.495455467756325, "Y": 5.812998628544707}, "5": {"id": 5, "label": 0.0, "X": -3.652452745098805, "Y": 3.4829537061138107}, "6": {"id": 6, "label": 1.0, "X": -5.372536420328947, "Y": 5.829368635747175}}