{"0": {"id": 0, "label": 1.0, "X": -0.001158601069259633, "Y": 0.313152557521016}, "1": {"id": 1, "label": 1.0, "X": 0.11257055008731516, "Y": 0.24912628658550634}, "2": {"id": 2, "label": 1.0, "X": -0.36090940973941504, "Y": 0.4226069948871154}, "3": {"id": 3, "label": 1.0, "X": -0.18272720910829338, "Y": 0.4013153108554321}}