{"0": {"id": 0, "label": 1.0, "X": -0.011586010692596328, "Y": 3.1315255752101603}, "1": {"id": 1, "label": 1.0, "X": 1.1257055008731516, "Y": 2.4912628658550635}, "2": {"id": 2, "label": 1.0, "X": -3.6090940973941508, "Y": 4.226069948871154}, "3": {"id": 3, "label": 1.0, "X": -1.8272720910829336, "Y": 4.013153108554321}}