{"0": {"id": 0, "label": 1.0, "X": 0.14013519122502235, "Y": 0.18216830074667334}, "1": {"id": 1, "label": 1.0, "X": -0.32205915491675946, "Y": 0.4272893890248384}, "2": {"id": 2, "label": 1.0, "X": 0.012307121561845933, "Y": 0.25747080406076583}, "3": {"id": 3, "label": 1.0, "X": -0.43985639892805145, "Y": 1.151733010517112}, "4": {"id": 4, "label": 0.0, "X": -1.0145561125453753, "Y": 0.954902079493842}, "5": {"id": 5, "label": 0.0, "X": -0.9992291881083002, "Y": 1.4927050979129999}, "6": {"id": 6, "label": 1.0, "X": -0.4997397308050997, "Y": 0.9367144129531378}, "7": {"id": 7, "label": 1.0, "X": -0.6214334107345789, "Y": 0.5358016837678172}, "8": {"id": 8, "label": 1.0, "X": -0.6822323981233235, "Y": 0.7458601573773987}, "9": {"id": 9, "label": 0.0, "X": -0.9283482782699491, "Y": 1.1451312755325622}, "10": {"id": 10, "label": 0.0, "X": -0.8741996275293009, "Y": 1.2083972276184418}, "11": {"id": 11, "label": 0.0, "X": -2.3874215152893306, "Y": 1.9312788436466823}, "12": {"id": 12, "label": 1.0, "X": -2.2256858098975356, "Y": 1.8478543570207118}, "13": {"id": 13, "label": 1.0, "X": -0.41730657059182874, "Y": 1.2599028534501278}, "14": {"id": 14, "label": 1.0, "X": -0.997958826233353, "Y": 2.3567843656568894}, "15": {"id": 15, "label": 1.0, "X": -0.4133693294269767, "Y": 1.2599027169547246}, "16": {"id": 16, "label": 0.0, "X": -1.1406167896140438, "Y": 1.9548825636181024}, "17": {"id": 17, "label": 1.0, "X": -1.0507959805023839, "Y": 2.125222784589645}, "18": {"id": 18, "label": 1.0, "X": -0.43457267419134543, "Y": 1.4117948822126092}}