{"0": {"id": 0, "label": 1.0, "X": 1.4013519122502234, "Y": 1.8216830074667336}, "1": {"id": 1, "label": 1.0, "X": -3.2205915491675947, "Y": 4.272893890248384}, "2": {"id": 2, "label": 1.0, "X": 0.12307121561845934, "Y": 2.5747080406076583}, "3": {"id": 3, "label": 1.0, "X": -4.398563989280515, "Y": 11.51733010517112}, "4": {"id": 4, "label": 0.0, "X": -10.145561125453753, "Y": 9.54902079493842}, "5": {"id": 5, "label": 0.0, "X": -9.992291881083002, "Y": 14.927050979129996}, "6": {"id": 6, "label": 1.0, "X": -4.997397308050997, "Y": 9.367144129531377}, "7": {"id": 7, "label": 1.0, "X": -6.214334107345789, "Y": 5.358016837678171}, "8": {"id": 8, "label": 1.0, "X": -6.822323981233235, "Y": 7.458601573773986}, "9": {"id": 9, "label": 0.0, "X": -9.283482782699492, "Y": 11.451312755325624}, "10": {"id": 10, "label": 0.0, "X": -8.74199627529301, "Y": 12.083972276184419}, "11": {"id": 11, "label": 0.0, "X": -23.874215152893306, "Y": 19.312788436466825}, "12": {"id": 12, "label": 1.0, "X": -22.256858098975357, "Y": 18.47854357020712}, "13": {"id": 13, "label": 1.0, "X": -4.173065705918288, "Y": 12.599028534501276}, "14": {"id": 14, "label": 1.0, "X": -9.979588262333529, "Y": 23.567843656568893}, "15": {"id": 15, "label": 1.0, "X": -4.133693294269767, "Y": 12.599027169547247}, "16": {"id": 16, "label": 0.0, "X": -11.406167896140438, "Y": 19.548825636181025}, "17": {"id": 17, "label": 1.0, "X": -10.507959805023837, "Y": 21.252227845896456}, "18": {"id": 18, "label": 1.0, "X": -4.345726741913454, "Y": 14.117948822126094}}