{"0": {"id": 0, "label": 0.0, "X": 1.0931088987410604, "Y": 10.736919931612507}, "1": {"id": 1, "label": 1.0, "X": -13.684290827903856, "Y": 12.327462441194973}, "2": {"id": 2, "label": 1.0, "X": 0.40802833930228927, "Y": 2.961654301751208}, "3": {"id": 3, "label": 0.0, "X": 2.2214631577899073, "Y": 11.451082250286108}, "4": {"id": 4, "label": 1.0, "X": 3.26855740261846, "Y": 7.85128692800527}, "5": {"id": 5, "label": 1.0, "X": -0.1668294283971069, "Y": 6.339285630389817}, "6": {"id": 6, "label": 0.0, "X": -11.374540894826222, "Y": 13.765355798329376}, "7": {"id": 7, "label": 1.0, "X": -1.5080197944984872, "Y": 4.935623657942031}, "8": {"id": 8, "label": 0.0, "X": -6.666575831487846, "Y": 6.193713244193643}, "9": {"id": 9, "label": 1.0, "X": -13.430214361467108, "Y": 14.589604729822229}, "10": {"id": 10, "label": 0.0, "X": -4.2521113139912865, "Y": 8.466616392440278}, "11": {"id": 11, "label": 1.0, "X": 5.200407363636141, "Y": 8.653889545463334}, "12": {"id": 12, "label": 0.0, "X": -1.5101822959935531, "Y": 9.473731484754765}, "13": {"id": 13, "label": 0.0, "X": 4.806757334182004, "Y": 15.891860500497884}, "14": {"id": 14, "label": 0.0, "X": -12.971597052254218, "Y": 12.327450694550636}, "15": {"id": 15, "label": 1.0, "X": -1.5181416248141817, "Y": 5.103419172270746}, "16": {"id": 16, "label": 0.0, "X": 3.32535088667452, "Y": 13.13885218803228}, "17": {"id": 17, "label": 1.0, "X": -11.804392363441629, "Y": 18.249146176884043}, "18": {"id": 18, "label": 1.0, "X": -8.365674547091093, "Y": 15.455261252747153}, "19": {"id": 19, "label": 1.0, "X": 6.761992726728859, "Y": 10.220783578899912}, "20": {"id": 20, "label": 1.0, "X": 9.332575975837202, "Y": 15.320544450346127}, "21": {"id": 21, "label": 1.0, "X": 8.984567168827287, "Y": 13.248570462847024}, "22": {"id": 22, "label": 1.0, "X": -8.026959069562954, "Y": 18.88823914488597}, "23": {"id": 23, "label": 0.0, "X": -7.612707319640907, "Y": 19.680593220002955}, "24": {"id": 24, "label": 1.0, "X": 10.103940505036663, "Y": 19.312250675389816}, "25": {"id": 25, "label": 1.0, "X": 9.147019749865512, "Y": 20.697511128468122}, "26": {"id": 26, "label": 2.0, "X": -12.226053335041863, "Y": 15.996161449004003}, "27": {"id": 27, "label": 0.0, "X": 6.036010787292946, "Y": 17.105200673115533}, "28": {"id": 28, "label": 0.0, "X": -11.34946251008013, "Y": 17.056402104052378}, "29": {"id": 29, "label": 1.0, "X": 6.2488426703208555, "Y": 19.548755129056577}, "30": {"id": 30, "label": 1.0, "X": -4.662898527480914, "Y": 19.451374517859776}, "31": {"id": 31, "label": 0.0, "X": 6.072546216023391, "Y": 22.519754495691526}}