{"0": {"id": 0, "label": 0.0, "X": 0.10931088987410603, "Y": 1.0736919931612505}, "1": {"id": 1, "label": 1.0, "X": -1.3684290827903856, "Y": 1.2327462441194974}, "2": {"id": 2, "label": 1.0, "X": 0.040802833930228925, "Y": 0.29616543017512076}, "3": {"id": 3, "label": 0.0, "X": 0.22214631577899072, "Y": 1.1451082250286106}, "4": {"id": 4, "label": 1.0, "X": 0.326855740261846, "Y": 0.785128692800527}, "5": {"id": 5, "label": 1.0, "X": -0.016682942839710693, "Y": 0.6339285630389816}, "6": {"id": 6, "label": 0.0, "X": -1.1374540894826222, "Y": 1.3765355798329375}, "7": {"id": 7, "label": 1.0, "X": -0.15080197944984872, "Y": 0.4935623657942031}, "8": {"id": 8, "label": 0.0, "X": -0.6666575831487845, "Y": 0.6193713244193644}, "9": {"id": 9, "label": 1.0, "X": -1.3430214361467108, "Y": 1.458960472982223}, "10": {"id": 10, "label": 0.0, "X": -0.4252111313991287, "Y": 0.8466616392440277}, "11": {"id": 11, "label": 1.0, "X": 0.5200407363636141, "Y": 0.8653889545463335}, "12": {"id": 12, "label": 0.0, "X": -0.15101822959935532, "Y": 0.9473731484754765}, "13": {"id": 13, "label": 0.0, "X": 0.4806757334182004, "Y": 1.5891860500497885}, "14": {"id": 14, "label": 0.0, "X": -1.2971597052254218, "Y": 1.2327450694550637}, "15": {"id": 15, "label": 1.0, "X": -0.15181416248141819, "Y": 0.5103419172270746}, "16": {"id": 16, "label": 0.0, "X": 0.33253508866745196, "Y": 1.313885218803228}, "17": {"id": 17, "label": 1.0, "X": -1.180439236344163, "Y": 1.8249146176884046}, "18": {"id": 18, "label": 1.0, "X": -0.8365674547091092, "Y": 1.5455261252747152}, "19": {"id": 19, "label": 1.0, "X": 0.6761992726728858, "Y": 1.0220783578899912}, "20": {"id": 20, "label": 1.0, "X": 0.9332575975837203, "Y": 1.5320544450346127}, "21": {"id": 21, "label": 1.0, "X": 0.8984567168827287, "Y": 1.3248570462847025}, "22": {"id": 22, "label": 1.0, "X": -0.8026959069562954, "Y": 1.8888239144885972}, "23": {"id": 23, "label": 0.0, "X": -0.7612707319640908, "Y": 1.9680593220002953}, "24": {"id": 24, "label": 1.0, "X": 1.0103940505036662, "Y": 1.9312250675389817}, "25": {"id": 25, "label": 1.0, "X": 0.9147019749865513, "Y": 2.0697511128468125}, "26": {"id": 26, "label": 2.0, "X": -1.2226053335041862, "Y": 1.5996161449004}, "27": {"id": 27, "label": 0.0, "X": 0.6036010787292946, "Y": 1.7105200673115535}, "28": {"id": 28, "label": 0.0, "X": -1.134946251008013, "Y": 1.705640210405238}, "29": {"id": 29, "label": 1.0, "X": 0.6248842670320855, "Y": 1.9548755129056576}, "30": {"id": 30, "label": 1.0, "X": -0.4662898527480915, "Y": 1.9451374517859776}, "31": {"id": 31, "label": 0.0, "X": 0.6072546216023391, "Y": 2.251975449569153}}