{"0": {"id": 0, "label": 1.0, "X": 2.046059763279036, "Y": 2.7583524997528075}, "1": {"id": 1, "label": 0.0, "X": -2.6985317841421264, "Y": 2.941539430356284}, "2": {"id": 2, "label": 0.0, "X": -5.467029756952835, "Y": 9.876018348613613}, "3": {"id": 3, "label": 0.0, "X": -2.7442280304120628, "Y": 11.752439200907954}, "4": {"id": 4, "label": 1.0, "X": 4.076436622178819, "Y": 3.4963969010592866}, "5": {"id": 5, "label": 1.0, "X": -8.488520940637484, "Y": 10.052626872758747}, "6": {"id": 6, "label": 0.0, "X": 2.8145091649254277, "Y": 16.971009598514776}, "7": {"id": 7, "label": 0.0, "X": 5.679817026219907, "Y": 6.6681826284203485}, "8": {"id": 8, "label": 0.0, "X": -7.450216739435009, "Y": 7.28289555709817}, "9": {"id": 9, "label": 0.0, "X": 2.384099225053869, "Y": 6.353979862145042}, "10": {"id": 10, "label": 0.0, "X": 9.125210177697777, "Y": 7.4113339961720905}, "11": {"id": 11, "label": 1.0, "X": -3.4237783248654363, "Y": 12.562796280688321}, "12": {"id": 12, "label": 0.0, "X": -1.7011033773461208, "Y": 5.173376547037052}, "13": {"id": 13, "label": 1.0, "X": -6.036436188940192, "Y": 11.793482767848708}, "14": {"id": 14, "label": 1.0, "X": 2.7173470292756017, "Y": 3.7272246140399217}, "15": {"id": 15, "label": 2.0, "X": 4.1538196385057145, "Y": 13.78440333880534}, "16": {"id": 16, "label": 1.0, "X": -1.1911318149967312, "Y": 13.13887751278181}, "17": {"id": 17, "label": 0.0, "X": 6.986138401269582, "Y": 17.056325744557228}, "18": {"id": 18, "label": 2.0, "X": 1.0604564254304225, "Y": 15.776771126552838}, "19": {"id": 19, "label": 2.0, "X": 6.98892952786111, "Y": 21.084839150167678}, "20": {"id": 20, "label": 1.0, "X": 7.962996568247895, "Y": 16.874194953651656}}