{"0": {"id": 0, "label": 1.0, "X": 0.20460597632790362, "Y": 0.27583524997528075}, "1": {"id": 1, "label": 0.0, "X": -0.26985317841421264, "Y": 0.2941539430356284}, "2": {"id": 2, "label": 0.0, "X": -0.5467029756952835, "Y": 0.9876018348613611}, "3": {"id": 3, "label": 0.0, "X": -0.27442280304120625, "Y": 1.1752439200907956}, "4": {"id": 4, "label": 1.0, "X": 0.4076436622178819, "Y": 0.3496396901059286}, "5": {"id": 5, "label": 1.0, "X": -0.8488520940637483, "Y": 1.0052626872758745}, "6": {"id": 6, "label": 0.0, "X": 0.2814509164925428, "Y": 1.6971009598514777}, "7": {"id": 7, "label": 0.0, "X": 0.5679817026219908, "Y": 0.6668182628420349}, "8": {"id": 8, "label": 0.0, "X": -0.7450216739435009, "Y": 0.728289555709817}, "9": {"id": 9, "label": 0.0, "X": 0.2384099225053869, "Y": 0.6353979862145043}, "10": {"id": 10, "label": 0.0, "X": 0.9125210177697778, "Y": 0.7411333996172091}, "11": {"id": 11, "label": 1.0, "X": -0.34237783248654363, "Y": 1.2562796280688322}, "12": {"id": 12, "label": 0.0, "X": -0.1701103377346121, "Y": 0.5173376547037052}, "13": {"id": 13, "label": 1.0, "X": -0.6036436188940192, "Y": 1.1793482767848709}, "14": {"id": 14, "label": 1.0, "X": 0.27173470292756013, "Y": 0.3727224614039921}, "15": {"id": 15, "label": 2.0, "X": 0.41538196385057147, "Y": 1.3784403338805342}, "16": {"id": 16, "label": 1.0, "X": -0.11911318149967312, "Y": 1.3138877512781812}, "17": {"id": 17, "label": 0.0, "X": 0.6986138401269583, "Y": 1.7056325744557228}, "18": {"id": 18, "label": 2.0, "X": 0.10604564254304226, "Y": 1.5776771126552835}, "19": {"id": 19, "label": 2.0, "X": 0.698892952786111, "Y": 2.108483915016768}, "20": {"id": 20, "label": 1.0, "X": 0.7962996568247895, "Y": 1.6874194953651656}}