{"0": {"id": 0, "label": 0.0, "X": -0.20049176748477449, "Y": 0.2507569714404102}, "1": {"id": 1, "label": 0.0, "X": -0.4260458877009782, "Y": 0.8910165503518102}, "2": {"id": 2, "label": 0.0, "X": 0.15283563420150267, "Y": 0.38859357366104613}, "3": {"id": 3, "label": 0.0, "X": 0.46414269115928125, "Y": 0.43959724526848293}, "4": {"id": 4, "label": 1.0, "X": -0.7514302785813612, "Y": 0.9090674875120522}, "5": {"id": 5, "label": 1.0, "X": -0.5582314584956822, "Y": 1.0911573797067986}, "6": {"id": 6, "label": 0.0, "X": -0.20105377180086076, "Y": 1.0736950563323127}, "7": {"id": 7, "label": 0.0, "X": -0.6573335722230542, "Y": 0.6965097883132669}, "8": {"id": 8, "label": 1.0, "X": 1.7902746168412533, "Y": 1.7105203029376708}, "9": {"id": 9, "label": 2.0, "X": -0.15761326358143612, "Y": 1.4589345845647643}, "10": {"id": 10, "label": 2.0, "X": 0.23067216267706095, "Y": 1.411665270509111}, "11": {"id": 11, "label": 1.0, "X": -0.3633822259823168, "Y": 1.2640649465292793}, "12": {"id": 12, "label": 0.0, "X": 0.01419794141230058, "Y": 1.2728238306374018}, "13": {"id": 13, "label": 0.0, "X": 1.5123147114408726, "Y": 1.7105198987109214}, "14": {"id": 14, "label": 1.0, "X": 0.7953783403077528, "Y": 1.5588097671189234}, "15": {"id": 15, "label": 0.0, "X": 0.42331318066697265, "Y": 1.530623120079172}, "16": {"id": 16, "label": 1.0, "X": 0.05480336462766238, "Y": 1.8616449935885475}, "17": {"id": 17, "label": 1.0, "X": 1.2267103604073852, "Y": 1.5939123925841203}, "18": {"id": 18, "label": 1.0, "X": 1.8617484814331522, "Y": 1.964260592379306}, "19": {"id": 19, "label": 0.0, "X": 0.7337038500852893, "Y": 1.4926963989667121}, "20": {"id": 20, "label": 1.0, "X": 2.083909350148576, "Y": 2.1252245510077574}, "21": {"id": 21, "label": 0.0, "X": 0.5170499993963992, "Y": 1.5318690471535317}, "22": {"id": 22, "label": 1.0, "X": 0.2224331001675694, "Y": 1.5891867530833172}, "23": {"id": 23, "label": 0.0, "X": 2.2415752978024193, "Y": 1.9312468407845194}}