{"0": {"id": 0, "label": 0.0, "X": -2.0049176748477446, "Y": 2.5075697144041023}, "1": {"id": 1, "label": 0.0, "X": -4.260458877009782, "Y": 8.910165503518103}, "2": {"id": 2, "label": 0.0, "X": 1.5283563420150268, "Y": 3.885935736610461}, "3": {"id": 3, "label": 0.0, "X": 4.641426911592813, "Y": 4.395972452684829}, "4": {"id": 4, "label": 1.0, "X": -7.514302785813613, "Y": 9.090674875120522}, "5": {"id": 5, "label": 1.0, "X": -5.582314584956823, "Y": 10.911573797067986}, "6": {"id": 6, "label": 0.0, "X": -2.0105377180086075, "Y": 10.736950563323125}, "7": {"id": 7, "label": 0.0, "X": -6.573335722230542, "Y": 6.965097883132668}, "8": {"id": 8, "label": 1.0, "X": 17.902746168412534, "Y": 17.105203029376707}, "9": {"id": 9, "label": 2.0, "X": -1.5761326358143612, "Y": 14.589345845647642}, "10": {"id": 10, "label": 2.0, "X": 2.306721626770609, "Y": 14.11665270509111}, "11": {"id": 11, "label": 1.0, "X": -3.6338222598231678, "Y": 12.640649465292793}, "12": {"id": 12, "label": 0.0, "X": 0.1419794141230058, "Y": 12.728238306374019}, "13": {"id": 13, "label": 0.0, "X": 15.123147114408725, "Y": 17.105198987109212}, "14": {"id": 14, "label": 1.0, "X": 7.953783403077527, "Y": 15.588097671189235}, "15": {"id": 15, "label": 0.0, "X": 4.233131806669727, "Y": 15.306231200791721}, "16": {"id": 16, "label": 1.0, "X": 0.5480336462766238, "Y": 18.616449935885477}, "17": {"id": 17, "label": 1.0, "X": 12.267103604073853, "Y": 15.939123925841205}, "18": {"id": 18, "label": 1.0, "X": 18.617484814331522, "Y": 19.64260592379306}, "19": {"id": 19, "label": 0.0, "X": 7.337038500852893, "Y": 14.926963989667122}, "20": {"id": 20, "label": 1.0, "X": 20.83909350148576, "Y": 21.25224551007757}, "21": {"id": 21, "label": 0.0, "X": 5.170499993963992, "Y": 15.318690471535314}, "22": {"id": 22, "label": 1.0, "X": 2.224331001675694, "Y": 15.891867530833174}, "23": {"id": 23, "label": 0.0, "X": 22.415752978024194, "Y": 19.312468407845195}}