{"0": {"id": 0, "label": 0.0, "X": -0.10705226171124825, "Y": 0.29569085508399395}, "1": {"id": 1, "label": 0.0, "X": -0.2371420507474739, "Y": 0.2046283365808419}, "2": {"id": 2, "label": 1.0, "X": 0.27749645535064144, "Y": 0.3477446418328462}, "3": {"id": 3, "label": 1.0, "X": 0.2589555371763396, "Y": 0.4719336572695472}, "4": {"id": 4, "label": 1.0, "X": -0.02794635908620371, "Y": 0.9199556246299635}, "5": {"id": 5, "label": 1.0, "X": 0.13791031037468948, "Y": 0.7598530317817642}, "6": {"id": 6, "label": 0.0, "X": -0.8453087921835281, "Y": 1.3136029486693366}, "7": {"id": 7, "label": 1.0, "X": -0.2762588884021154, "Y": 1.1752429277628094}, "8": {"id": 8, "label": 0.0, "X": -0.5525133207293232, "Y": 0.949839759168023}, "9": {"id": 9, "label": 0.0, "X": -1.2226637196482166, "Y": 1.5776892741343773}, "10": {"id": 10, "label": 0.0, "X": -0.3415650130411848, "Y": 0.6705528221480389}, "11": {"id": 11, "label": 0.0, "X": -0.12670539816908868, "Y": 0.41924478158267386}, "12": {"id": 12, "label": 0.0, "X": -1.6755288909423525, "Y": 1.697111364123604}, "13": {"id": 13, "label": 1.0, "X": -1.024280742570407, "Y": 1.6536437592342}, "14": {"id": 14, "label": 1.0, "X": -0.7485816934455628, "Y": 1.5433614154118254}, "15": {"id": 15, "label": 0.0, "X": -2.0270917915883078, "Y": 2.125245427490727}, "16": {"id": 16, "label": 0.0, "X": -0.754089494801595, "Y": 1.2267760303700768}, "17": {"id": 17, "label": 1.0, "X": -2.210595953613159, "Y": 1.8799576543561356}, "18": {"id": 18, "label": 1.0, "X": -2.219611198333939, "Y": 1.9341915218754022}}