{"0": {"id": 0, "label": 0.0, "X": -1.0705226171124824, "Y": 2.9569085508399393}, "1": {"id": 1, "label": 0.0, "X": -2.371420507474739, "Y": 2.046283365808419}, "2": {"id": 2, "label": 1.0, "X": 2.7749645535064147, "Y": 3.4774464183284626}, "3": {"id": 3, "label": 1.0, "X": 2.5895553717633963, "Y": 4.719336572695472}, "4": {"id": 4, "label": 1.0, "X": -0.2794635908620371, "Y": 9.199556246299634}, "5": {"id": 5, "label": 1.0, "X": 1.3791031037468946, "Y": 7.598530317817643}, "6": {"id": 6, "label": 0.0, "X": -8.45308792183528, "Y": 13.136029486693365}, "7": {"id": 7, "label": 1.0, "X": -2.7625888840211537, "Y": 11.752429277628094}, "8": {"id": 8, "label": 0.0, "X": -5.525133207293233, "Y": 9.498397591680229}, "9": {"id": 9, "label": 0.0, "X": -12.226637196482166, "Y": 15.776892741343772}, "10": {"id": 10, "label": 0.0, "X": -3.415650130411848, "Y": 6.705528221480389}, "11": {"id": 11, "label": 0.0, "X": -1.2670539816908868, "Y": 4.192447815826738}, "12": {"id": 12, "label": 0.0, "X": -16.755288909423527, "Y": 16.97111364123604}, "13": {"id": 13, "label": 1.0, "X": -10.24280742570407, "Y": 16.536437592342}, "14": {"id": 14, "label": 1.0, "X": -7.485816934455628, "Y": 15.433614154118255}, "15": {"id": 15, "label": 0.0, "X": -20.27091791588308, "Y": 21.252454274907272}, "16": {"id": 16, "label": 0.0, "X": -7.54089494801595, "Y": 12.267760303700765}, "17": {"id": 17, "label": 1.0, "X": -22.105959536131593, "Y": 18.799576543561354}, "18": {"id": 18, "label": 1.0, "X": -22.19611198333939, "Y": 19.34191521875402}}