{"0": {"id": 0, "label": 0.0, "X": -0.21793737989837855, "Y": 0.19965919730547907}, "1": {"id": 1, "label": 1.0, "X": 0.1690408767951287, "Y": 0.21034450726007645}, "2": {"id": 2, "label": 1.0, "X": 0.11326818291984517, "Y": 0.3205426177841908}, "3": {"id": 3, "label": 1.0, "X": -0.07925248946628924, "Y": 0.5549252004527571}, "4": {"id": 4, "label": 0.0, "X": -0.5076699336873683, "Y": 0.4455294585864328}, "5": {"id": 5, "label": 1.0, "X": -0.30220999159470013, "Y": 0.7705691723159126}, "6": {"id": 6, "label": 1.0, "X": -1.246081432217999, "Y": 1.3980756990692864}, "7": {"id": 7, "label": 1.0, "X": -1.52995805203008, "Y": 1.4589674405921362}, "8": {"id": 8, "label": 1.0, "X": -0.6128874037202997, "Y": 0.9845509011685177}, "9": {"id": 9, "label": 1.0, "X": -0.8799323849900779, "Y": 1.2599103553385655}, "10": {"id": 10, "label": 0.0, "X": -0.9380966719333668, "Y": 0.8398799656194055}, "11": {"id": 11, "label": 0.0, "X": -0.7862917500521824, "Y": 0.6976834702804866}}