{"0": {"id": 0, "label": 0.0, "X": -2.1793737989837854, "Y": 1.9965919730547907}, "1": {"id": 1, "label": 1.0, "X": 1.690408767951287, "Y": 2.1034450726007643}, "2": {"id": 2, "label": 1.0, "X": 1.1326818291984517, "Y": 3.205426177841908}, "3": {"id": 3, "label": 1.0, "X": -0.7925248946628924, "Y": 5.54925200452757}, "4": {"id": 4, "label": 0.0, "X": -5.076699336873683, "Y": 4.455294585864328}, "5": {"id": 5, "label": 1.0, "X": -3.0220999159470012, "Y": 7.705691723159125}, "6": {"id": 6, "label": 1.0, "X": -12.460814322179989, "Y": 13.980756990692864}, "7": {"id": 7, "label": 1.0, "X": -15.299580520300799, "Y": 14.589674405921363}, "8": {"id": 8, "label": 1.0, "X": -6.128874037202997, "Y": 9.845509011685177}, "9": {"id": 9, "label": 1.0, "X": -8.799323849900778, "Y": 12.599103553385655}, "10": {"id": 10, "label": 0.0, "X": -9.380966719333669, "Y": 8.398799656194056}, "11": {"id": 11, "label": 0.0, "X": -7.862917500521824, "Y": 6.976834702804866}}