{"0": {"id": 0, "label": 1.0, "X": 0.07064292446148432, "Y": 0.36165210435252765}, "1": {"id": 1, "label": 1.0, "X": -0.08307163330468298, "Y": 0.5540237774138742}, "2": {"id": 2, "label": 1.0, "X": -0.7794151071612572, "Y": 1.1752509876180135}, "3": {"id": 3, "label": 0.0, "X": -0.5640380325176277, "Y": 0.5105976826128621}, "4": {"id": 4, "label": 1.0, "X": -1.442300713529178, "Y": 1.3675519780492875}, "5": {"id": 5, "label": 0.0, "X": -1.1776907516804689, "Y": 1.0860226368986365}, "6": {"id": 6, "label": 1.0, "X": -0.3368174619958763, "Y": 0.8341543444327146}, "7": {"id": 7, "label": 0.0, "X": -0.7634312083185828, "Y": 0.7767795960661108}, "8": {"id": 8, "label": 0.0, "X": -0.9099931154678131, "Y": 0.9590195371030797}, "9": {"id": 9, "label": 1.0, "X": -0.9990505557731442, "Y": 1.222590460655214}, "10": {"id": 10, "label": 1.0, "X": -0.5355302633223129, "Y": 1.1408623592922056}, "11": {"id": 11, "label": 0.0, "X": -1.9060655921669365, "Y": 1.7105317524882964}, "12": {"id": 12, "label": 0.0, "X": -1.9371370131461638, "Y": 1.705646245320189}}