{"0": {"id": 0, "label": 1.0, "X": 0.7064292446148432, "Y": 3.6165210435252764}, "1": {"id": 1, "label": 1.0, "X": -0.8307163330468297, "Y": 5.540237774138743}, "2": {"id": 2, "label": 1.0, "X": -7.794151071612571, "Y": 11.752509876180136}, "3": {"id": 3, "label": 0.0, "X": -5.640380325176277, "Y": 5.105976826128622}, "4": {"id": 4, "label": 1.0, "X": -14.423007135291781, "Y": 13.675519780492873}, "5": {"id": 5, "label": 0.0, "X": -11.77690751680469, "Y": 10.860226368986366}, "6": {"id": 6, "label": 1.0, "X": -3.368174619958763, "Y": 8.341543444327147}, "7": {"id": 7, "label": 0.0, "X": -7.6343120831858275, "Y": 7.767795960661109}, "8": {"id": 8, "label": 0.0, "X": -9.099931154678131, "Y": 9.590195371030797}, "9": {"id": 9, "label": 1.0, "X": -9.990505557731442, "Y": 12.22590460655214}, "10": {"id": 10, "label": 1.0, "X": -5.355302633223129, "Y": 11.408623592922057}, "11": {"id": 11, "label": 0.0, "X": -19.060655921669365, "Y": 17.105317524882963}, "12": {"id": 12, "label": 0.0, "X": -19.37137013146164, "Y": 17.056462453201892}}