{"0": {"id": 0, "label": 1.0, "X": 0.14995721215112132, "Y": 0.16492767078227807}, "1": {"id": 1, "label": 1.0, "X": -0.45836769717630493, "Y": 1.1111852396023012}, "2": {"id": 2, "label": 1.0, "X": 0.074743662021867, "Y": 0.39019549191958525}, "3": {"id": 3, "label": 0.0, "X": -0.39709283012047614, "Y": 0.3515720934788918}, "4": {"id": 4, "label": 1.0, "X": -0.18591712278238687, "Y": 0.8880847706654333}, "5": {"id": 5, "label": 1.0, "X": -0.6692338683837145, "Y": 1.1752484241016035}, "6": {"id": 6, "label": 1.0, "X": -0.09190993616490084, "Y": 0.6434063215060297}, "7": {"id": 7, "label": 1.0, "X": -1.023073197855836, "Y": 1.2640736982339442}, "8": {"id": 8, "label": 0.0, "X": -0.5134732353522896, "Y": 0.610841803517345}, "9": {"id": 9, "label": 0.0, "X": -0.6398446951122136, "Y": 0.8446053453806573}, "10": {"id": 10, "label": 0.0, "X": -0.8700581306465017, "Y": 0.9933218347580852}, "11": {"id": 11, "label": 0.0, "X": -1.2160085936957545, "Y": 1.0766459441267908}, "12": {"id": 12, "label": 0.0, "X": -1.6156779132961094, "Y": 1.8967545946382562}, "13": {"id": 13, "label": 1.0, "X": -1.8581599239863604, "Y": 1.6679085631052437}, "14": {"id": 14, "label": 0.0, "X": -1.794846425756235, "Y": 2.165640265955661}}