{"0": {"id": 0, "label": 1.0, "X": 1.4995721215112132, "Y": 1.6492767078227806}, "1": {"id": 1, "label": 1.0, "X": -4.583676971763049, "Y": 11.111852396023012}, "2": {"id": 2, "label": 1.0, "X": 0.74743662021867, "Y": 3.9019549191958527}, "3": {"id": 3, "label": 0.0, "X": -3.9709283012047614, "Y": 3.515720934788918}, "4": {"id": 4, "label": 1.0, "X": -1.8591712278238688, "Y": 8.880847706654333}, "5": {"id": 5, "label": 1.0, "X": -6.692338683837145, "Y": 11.752484241016035}, "6": {"id": 6, "label": 1.0, "X": -0.9190993616490084, "Y": 6.434063215060297}, "7": {"id": 7, "label": 1.0, "X": -10.23073197855836, "Y": 12.640736982339442}, "8": {"id": 8, "label": 0.0, "X": -5.134732353522896, "Y": 6.108418035173449}, "9": {"id": 9, "label": 0.0, "X": -6.398446951122136, "Y": 8.446053453806574}, "10": {"id": 10, "label": 0.0, "X": -8.700581306465017, "Y": 9.933218347580851}, "11": {"id": 11, "label": 0.0, "X": -12.160085936957547, "Y": 10.766459441267909}, "12": {"id": 12, "label": 0.0, "X": -16.156779132961095, "Y": 18.967545946382565}, "13": {"id": 13, "label": 1.0, "X": -18.581599239863603, "Y": 16.679085631052438}, "14": {"id": 14, "label": 0.0, "X": -17.94846425756235, "Y": 21.656402659556612}}