{"0": {"id": 0, "label": 1.0, "X": 1.3728990875342182, "Y": 1.8564160542626484}, "1": {"id": 1, "label": 0.0, "X": -11.266482630658604, "Y": 10.641605310047574}, "2": {"id": 2, "label": 1.0, "X": -7.906125366469886, "Y": 11.713277768883222}, "3": {"id": 3, "label": 1.0, "X": -0.07753683517550534, "Y": 7.230395854725299}, "4": {"id": 4, "label": 1.0, "X": 0.36903358181549756, "Y": 4.860197212978801}, "5": {"id": 5, "label": 1.0, "X": -4.784867918079469, "Y": 11.40861514850949}, "6": {"id": 6, "label": 1.0, "X": -11.822860060482302, "Y": 11.713384251576512}, "7": {"id": 7, "label": 0.0, "X": -4.080683398789583, "Y": 4.690064094897526}, "8": {"id": 8, "label": 0.0, "X": -4.910824627535523, "Y": 7.087869731159166}, "9": {"id": 9, "label": 0.0, "X": -7.003243664082396, "Y": 8.808373981367252}, "10": {"id": 10, "label": 1.0, "X": -2.3420504529565056, "Y": 9.460328747255325}, "11": {"id": 11, "label": 1.0, "X": -15.360927554673276, "Y": 16.063716763168504}, "12": {"id": 12, "label": 1.0, "X": -15.634652776561433, "Y": 16.874348682514366}, "13": {"id": 13, "label": 1.0, "X": -16.961027290751932, "Y": 19.680637564561515}, "14": {"id": 14, "label": 0.0, "X": -12.597430738172486, "Y": 19.548835386376183}, "15": {"id": 15, "label": 0.0, "X": -12.171187810122092, "Y": 17.906945599631925}}