{"0": {"id": 0, "label": 1.0, "X": 0.1372899087534218, "Y": 0.18564160542626484}, "1": {"id": 1, "label": 0.0, "X": -1.1266482630658603, "Y": 1.0641605310047573}, "2": {"id": 2, "label": 1.0, "X": -0.7906125366469886, "Y": 1.1713277768883223}, "3": {"id": 3, "label": 1.0, "X": -0.0077536835175505345, "Y": 0.7230395854725299}, "4": {"id": 4, "label": 1.0, "X": 0.03690335818154975, "Y": 0.48601972129788007}, "5": {"id": 5, "label": 1.0, "X": -0.4784867918079469, "Y": 1.140861514850949}, "6": {"id": 6, "label": 1.0, "X": -1.1822860060482303, "Y": 1.1713384251576513}, "7": {"id": 7, "label": 0.0, "X": -0.40806833987895835, "Y": 0.4690064094897526}, "8": {"id": 8, "label": 0.0, "X": -0.49108246275355233, "Y": 0.7087869731159167}, "9": {"id": 9, "label": 0.0, "X": -0.7003243664082396, "Y": 0.8808373981367253}, "10": {"id": 10, "label": 1.0, "X": -0.23420504529565056, "Y": 0.9460328747255324}, "11": {"id": 11, "label": 1.0, "X": -1.5360927554673276, "Y": 1.6063716763168503}, "12": {"id": 12, "label": 1.0, "X": -1.5634652776561433, "Y": 1.6874348682514364}, "13": {"id": 13, "label": 1.0, "X": -1.696102729075193, "Y": 1.9680637564561516}, "14": {"id": 14, "label": 0.0, "X": -1.2597430738172486, "Y": 1.9548835386376182}, "15": {"id": 15, "label": 0.0, "X": -1.2171187810122093, "Y": 1.7906945599631923}}