{"0": {"id": 0, "label": 0.0, "X": -0.2940076231024863, "Y": 0.24997740730079315}, "1": {"id": 1, "label": 1.0, "X": 0.12149082959925138, "Y": 0.25721610082132446}, "2": {"id": 2, "label": 0.0, "X": -0.9048408352509417, "Y": 0.8573619534360758}, "3": {"id": 3, "label": 1.0, "X": -0.24931109027546922, "Y": 0.9199571475074555}, "4": {"id": 4, "label": 1.0, "X": 0.12962410438555186, "Y": 0.5023680027030869}, "5": {"id": 5, "label": 1.0, "X": -0.9391847472952565, "Y": 1.002795025141835}, "6": {"id": 6, "label": 1.0, "X": -0.052191501721663994, "Y": 0.7767661298288675}, "7": {"id": 7, "label": 0.0, "X": -0.5508654096101719, "Y": 0.7109902210948168}, "8": {"id": 8, "label": 1.0, "X": -0.5446614089061451, "Y": 0.9671554295802233}, "9": {"id": 9, "label": 0.0, "X": -0.3278827106249145, "Y": 0.4638640992730025}, "10": {"id": 10, "label": 0.0, "X": -0.9437683070831694, "Y": 1.8249101398112617}, "11": {"id": 11, "label": 1.0, "X": -1.2776015612897849, "Y": 1.7992732968560956}, "12": {"id": 12, "label": 1.0, "X": -1.2406450306339782, "Y": 1.5691955418656358}}