{"0": {"id": 0, "label": 0.0, "X": -2.9400762310248627, "Y": 2.499774073007931}, "1": {"id": 1, "label": 1.0, "X": 1.2149082959925137, "Y": 2.5721610082132442}, "2": {"id": 2, "label": 0.0, "X": -9.048408352509417, "Y": 8.573619534360757}, "3": {"id": 3, "label": 1.0, "X": -2.493110902754692, "Y": 9.199571475074556}, "4": {"id": 4, "label": 1.0, "X": 1.2962410438555185, "Y": 5.023680027030869}, "5": {"id": 5, "label": 1.0, "X": -9.391847472952565, "Y": 10.02795025141835}, "6": {"id": 6, "label": 1.0, "X": -0.52191501721664, "Y": 7.767661298288675}, "7": {"id": 7, "label": 0.0, "X": -5.50865409610172, "Y": 7.109902210948167}, "8": {"id": 8, "label": 1.0, "X": -5.446614089061452, "Y": 9.671554295802233}, "9": {"id": 9, "label": 0.0, "X": -3.2788271062491448, "Y": 4.638640992730025}, "10": {"id": 10, "label": 0.0, "X": -9.437683070831694, "Y": 18.249101398112618}, "11": {"id": 11, "label": 1.0, "X": -12.776015612897849, "Y": 17.992732968560958}, "12": {"id": 12, "label": 1.0, "X": -12.406450306339782, "Y": 15.691955418656358}}