{"0": {"id": 0, "label": 0.0, "X": -0.24482769736058857, "Y": 0.23716139254409524}, "1": {"id": 1, "label": 1.0, "X": 0.18321582189837562, "Y": 0.2676197966303515}, "2": {"id": 2, "label": 1.0, "X": 0.04759464696526315, "Y": 0.523947755591627}, "3": {"id": 3, "label": 1.0, "X": -0.8883653608584622, "Y": 0.9182943276422647}, "4": {"id": 4, "label": 1.0, "X": -0.4300660841189201, "Y": 0.8062098506138681}, "5": {"id": 5, "label": 1.0, "X": -0.12652554959003595, "Y": 0.7051058372462462}, "6": {"id": 6, "label": 0.0, "X": -0.43925525774688085, "Y": 0.47021334942431486}, "7": {"id": 7, "label": 0.0, "X": -0.7777353963478897, "Y": 0.6350136146429105}, "8": {"id": 8, "label": 0.0, "X": -0.6438399959972224, "Y": 1.4365397910701254}, "9": {"id": 9, "label": 0.0, "X": -0.7054951433931659, "Y": 1.9341729919201782}, "10": {"id": 10, "label": 0.0, "X": -0.7097033785439846, "Y": 1.7992668317209644}, "11": {"id": 11, "label": 0.0, "X": -0.7065610041589977, "Y": 1.6874258934073254}, "12": {"id": 12, "label": 1.0, "X": -1.0477857601897627, "Y": 1.541562393726154}, "13": {"id": 13, "label": 1.0, "X": -0.8760347093636283, "Y": 1.2046341113328443}, "14": {"id": 14, "label": 1.0, "X": -1.1633303882779942, "Y": 1.824914188496645}, "15": {"id": 15, "label": 0.0, "X": -1.1456583610953808, "Y": 1.968061115145536}, "16": {"id": 16, "label": 1.0, "X": -1.068508913911615, "Y": 1.41167569470183}, "17": {"id": 17, "label": 0.0, "X": -1.211016332543445, "Y": 2.1921310456848624}}