{"0": {"id": 0, "label": 0.0, "X": -2.448276973605886, "Y": 2.3716139254409523}, "1": {"id": 1, "label": 1.0, "X": 1.8321582189837562, "Y": 2.676197966303515}, "2": {"id": 2, "label": 1.0, "X": 0.4759464696526315, "Y": 5.23947755591627}, "3": {"id": 3, "label": 1.0, "X": -8.883653608584622, "Y": 9.182943276422646}, "4": {"id": 4, "label": 1.0, "X": -4.3006608411892016, "Y": 8.06209850613868}, "5": {"id": 5, "label": 1.0, "X": -1.2652554959003595, "Y": 7.051058372462462}, "6": {"id": 6, "label": 0.0, "X": -4.392552577468808, "Y": 4.7021334942431485}, "7": {"id": 7, "label": 0.0, "X": -7.777353963478896, "Y": 6.350136146429105}, "8": {"id": 8, "label": 0.0, "X": -6.438399959972224, "Y": 14.365397910701255}, "9": {"id": 9, "label": 0.0, "X": -7.0549514339316595, "Y": 19.341729919201782}, "10": {"id": 10, "label": 0.0, "X": -7.097033785439846, "Y": 17.99266831720964}, "11": {"id": 11, "label": 0.0, "X": -7.065610041589977, "Y": 16.874258934073254}, "12": {"id": 12, "label": 1.0, "X": -10.477857601897627, "Y": 15.41562393726154}, "13": {"id": 13, "label": 1.0, "X": -8.760347093636282, "Y": 12.046341113328442}, "14": {"id": 14, "label": 1.0, "X": -11.633303882779943, "Y": 18.24914188496645}, "15": {"id": 15, "label": 0.0, "X": -11.456583610953809, "Y": 19.680611151455363}, "16": {"id": 16, "label": 1.0, "X": -10.685089139116151, "Y": 14.1167569470183}, "17": {"id": 17, "label": 0.0, "X": -12.110163325434451, "Y": 21.921310456848623}}