{"0": {"id": 0, "label": 0.0, "X": -3.234388830182224, "Y": 2.681980917497721}, "1": {"id": 1, "label": 1.0, "X": 1.4670965842228119, "Y": 3.1581013557551}, "2": {"id": 2, "label": 1.0, "X": -6.699446994639685, "Y": 7.262237718424409}, "3": {"id": 3, "label": 1.0, "X": 0.16864868287004578, "Y": 4.998175748498635}, "4": {"id": 4, "label": 1.0, "X": -2.645008146412207, "Y": 6.364810752827347}, "5": {"id": 5, "label": 0.0, "X": -3.469908455512301, "Y": 13.138887314899842}, "6": {"id": 6, "label": 0.0, "X": -3.0831634832464268, "Y": 15.415563705687193}, "7": {"id": 7, "label": 1.0, "X": -6.961154207667718, "Y": 15.415592490455134}, "8": {"id": 8, "label": 0.0, "X": -2.839618137940033, "Y": 17.144872416842396}, "9": {"id": 9, "label": 0.0, "X": -3.5117382142734717, "Y": 15.455180388489019}, "10": {"id": 10, "label": 1.0, "X": -6.427150160866369, "Y": 11.23930117086899}, "11": {"id": 11, "label": 1.0, "X": -7.150354228467791, "Y": 11.917830762703566}, "12": {"id": 12, "label": 1.0, "X": -7.045929589706594, "Y": 13.857099246649772}, "13": {"id": 13, "label": 0.0, "X": -6.6717884582143245, "Y": 18.24905983983032}, "14": {"id": 14, "label": 1.0, "X": -6.552479392772068, "Y": 11.365300864125908}}