{"0": {"id": 0, "label": 0.0, "X": -0.3234388830182224, "Y": 0.2681980917497721}, "1": {"id": 1, "label": 1.0, "X": 0.14670965842228118, "Y": 0.31581013557551}, "2": {"id": 2, "label": 1.0, "X": -0.6699446994639686, "Y": 0.726223771842441}, "3": {"id": 3, "label": 1.0, "X": 0.016864868287004578, "Y": 0.49981757484986356}, "4": {"id": 4, "label": 1.0, "X": -0.2645008146412207, "Y": 0.6364810752827349}, "5": {"id": 5, "label": 0.0, "X": -0.3469908455512301, "Y": 1.313888731489984}, "6": {"id": 6, "label": 0.0, "X": -0.3083163483246427, "Y": 1.5415563705687192}, "7": {"id": 7, "label": 1.0, "X": -0.6961154207667718, "Y": 1.5415592490455137}, "8": {"id": 8, "label": 0.0, "X": -0.28396181379400326, "Y": 1.7144872416842398}, "9": {"id": 9, "label": 0.0, "X": -0.3511738214273472, "Y": 1.5455180388489018}, "10": {"id": 10, "label": 1.0, "X": -0.642715016086637, "Y": 1.123930117086899}, "11": {"id": 11, "label": 1.0, "X": -0.715035422846779, "Y": 1.1917830762703565}, "12": {"id": 12, "label": 1.0, "X": -0.7045929589706594, "Y": 1.3857099246649773}, "13": {"id": 13, "label": 0.0, "X": -0.6671788458214324, "Y": 1.8249059839830322}, "14": {"id": 14, "label": 1.0, "X": -0.6552479392772068, "Y": 1.136530086412591}}