{"0": {"id": 0, "label": 1.0, "X": 2.1620904252494024, "Y": 2.6571947445877595}, "1": {"id": 1, "label": 1.0, "X": 0.2544819559288111, "Y": 4.575391843534266}, "2": {"id": 2, "label": 1.0, "X": -3.3323952600098803, "Y": 5.934104531638351}, "3": {"id": 3, "label": 1.0, "X": -8.105187134328258, "Y": 6.7491988728176}, "4": {"id": 4, "label": 0.0, "X": 3.001456396184335, "Y": 11.847441029259631}, "5": {"id": 5, "label": 1.0, "X": -0.36074381355179197, "Y": 13.252566210862879}, "6": {"id": 6, "label": 0.0, "X": 6.249826239653616, "Y": 17.10520189032782}, "7": {"id": 7, "label": 0.0, "X": 4.421616967407831, "Y": 14.926967713527889}, "8": {"id": 8, "label": 1.0, "X": 0.5514358416767204, "Y": 14.117926042524186}, "9": {"id": 9, "label": 1.0, "X": 1.5297107785326893, "Y": 16.874206100147333}, "10": {"id": 10, "label": 1.0, "X": -1.0977721619757508, "Y": 11.713165022199114}, "11": {"id": 11, "label": 1.0, "X": -1.2088288019162194, "Y": 10.899323629591652}, "12": {"id": 12, "label": 0.0, "X": 5.331113306830951, "Y": 16.08337928360901}, "13": {"id": 13, "label": 1.0, "X": 0.4903779083668948, "Y": 13.634391490756416}, "14": {"id": 14, "label": 0.0, "X": 2.452731461511506, "Y": 18.24898571865657}}