{"0": {"id": 0, "label": 1.0, "X": 0.21620904252494025, "Y": 0.2657194744587759}, "1": {"id": 1, "label": 1.0, "X": 0.025448195592881116, "Y": 0.4575391843534266}, "2": {"id": 2, "label": 1.0, "X": -0.333239526000988, "Y": 0.5934104531638351}, "3": {"id": 3, "label": 1.0, "X": -0.8105187134328258, "Y": 0.67491988728176}, "4": {"id": 4, "label": 0.0, "X": 0.30014563961843344, "Y": 1.184744102925963}, "5": {"id": 5, "label": 1.0, "X": -0.036074381355179194, "Y": 1.3252566210862877}, "6": {"id": 6, "label": 0.0, "X": 0.6249826239653615, "Y": 1.7105201890327821}, "7": {"id": 7, "label": 0.0, "X": 0.4421616967407831, "Y": 1.492696771352789}, "8": {"id": 8, "label": 1.0, "X": 0.055143584167672045, "Y": 1.4117926042524187}, "9": {"id": 9, "label": 1.0, "X": 0.15297107785326894, "Y": 1.687420610014733}, "10": {"id": 10, "label": 1.0, "X": -0.10977721619757508, "Y": 1.1713165022199115}, "11": {"id": 11, "label": 1.0, "X": -0.12088288019162194, "Y": 1.089932362959165}, "12": {"id": 12, "label": 0.0, "X": 0.5331113306830951, "Y": 1.6083379283609012}, "13": {"id": 13, "label": 1.0, "X": 0.04903779083668948, "Y": 1.3634391490756415}, "14": {"id": 14, "label": 0.0, "X": 0.24527314615115062, "Y": 1.824898571865657}}