{"0": {"id": 0, "label": 2.0, "X": -6.3763369520078355, "Y": 6.4629449213366135}, "1": {"id": 1, "label": 1.0, "X": 0.02878845059264339, "Y": 3.4943086805866352}, "2": {"id": 2, "label": 1.0, "X": -3.45715585731455, "Y": 5.099712382413344}, "3": {"id": 3, "label": 1.0, "X": -9.627716293782974, "Y": 8.028929145083316}}