{"0": {"id": 0, "label": 2.0, "X": -0.6376336952007836, "Y": 0.6462944921336614}, "1": {"id": 1, "label": 1.0, "X": 0.0028788450592643388, "Y": 0.3494308680586635}, "2": {"id": 2, "label": 1.0, "X": -0.34571558573145506, "Y": 0.5099712382413344}, "3": {"id": 3, "label": 1.0, "X": -0.9627716293782974, "Y": 0.8028929145083317}}