{"0": {"id": 0, "label": 2.0, "X": -0.2733161052209663, "Y": 0.2931760905933301}, "1": {"id": 1, "label": 2.0, "X": 0.14876933963354644, "Y": 0.302518288564065}, "2": {"id": 2, "label": 0.0, "X": -0.4695384390652479, "Y": 0.9725003628967639}, "3": {"id": 3, "label": 1.0, "X": 0.09624257045941792, "Y": 0.5444350628524623}, "4": {"id": 4, "label": 0.0, "X": -0.3995139591981742, "Y": 0.7389811819976353}, "5": {"id": 5, "label": 1.0, "X": 0.048799278091471526, "Y": 0.7515123056401507}, "6": {"id": 6, "label": 1.0, "X": -0.01655131305962385, "Y": 1.001132211145974}, "7": {"id": 7, "label": 0.0, "X": -0.34786417855982776, "Y": 0.5391114638856067}, "8": {"id": 8, "label": 0.0, "X": -1.7910727088156178, "Y": 1.7119991313993936}, "9": {"id": 9, "label": 0.0, "X": -1.3910693339135558, "Y": 1.492710527677477}, "10": {"id": 10, "label": 1.0, "X": -0.15294545738936757, "Y": 1.608339437166722}, "11": {"id": 11, "label": 0.0, "X": -0.5559396126579043, "Y": 1.3123363998341486}, "12": {"id": 12, "label": 1.0, "X": -2.0056812732227587, "Y": 2.6250225078135596}, "13": {"id": 13, "label": 0.0, "X": -1.3433218189848057, "Y": 1.101643917195703}, "14": {"id": 14, "label": 1.0, "X": -0.28433719289247417, "Y": 1.9779990860165728}, "15": {"id": 15, "label": 1.0, "X": -0.3978232333384603, "Y": 2.335843687046973}, "16": {"id": 16, "label": 0.0, "X": -0.6503138455975852, "Y": 1.5672561052851435}, "17": {"id": 17, "label": 1.0, "X": -1.6125234317195938, "Y": 2.6451103843577304}, "18": {"id": 18, "label": 0.0, "X": -0.7042841615181844, "Y": 1.778771097266118}, "19": {"id": 19, "label": 0.0, "X": -2.0974187113845755, "Y": 1.8203272242509316}, "20": {"id": 20, "label": 0.0, "X": -0.510238297986507, "Y": 1.151615997623858}, "21": {"id": 21, "label": 1.0, "X": -0.07789640468395216, "Y": 1.2327230352006107}, "22": {"id": 22, "label": 0.0, "X": -2.3207730351582176, "Y": 2.0180878532823834}, "23": {"id": 23, "label": 1.0, "X": -0.31237342891989384, "Y": 1.9995584047125938}, "24": {"id": 24, "label": 0.0, "X": -1.6188497754465965, "Y": 1.9110592939227025}, "25": {"id": 25, "label": 1.0, "X": -0.10674821325213953, "Y": 1.2614406230665174}}