{"0": {"id": 0, "label": 2.0, "X": -2.7331610522096628, "Y": 2.931760905933301}, "1": {"id": 1, "label": 2.0, "X": 1.4876933963354646, "Y": 3.02518288564065}, "2": {"id": 2, "label": 0.0, "X": -4.695384390652479, "Y": 9.725003628967638}, "3": {"id": 3, "label": 1.0, "X": 0.9624257045941792, "Y": 5.444350628524623}, "4": {"id": 4, "label": 0.0, "X": -3.995139591981742, "Y": 7.389811819976353}, "5": {"id": 5, "label": 1.0, "X": 0.48799278091471526, "Y": 7.515123056401507}, "6": {"id": 6, "label": 1.0, "X": -0.16551313059623848, "Y": 10.011322111459739}, "7": {"id": 7, "label": 0.0, "X": -3.4786417855982776, "Y": 5.391114638856068}, "8": {"id": 8, "label": 0.0, "X": -17.91072708815618, "Y": 17.119991313993935}, "9": {"id": 9, "label": 0.0, "X": -13.910693339135557, "Y": 14.927105276774771}, "10": {"id": 10, "label": 1.0, "X": -1.5294545738936756, "Y": 16.08339437166722}, "11": {"id": 11, "label": 0.0, "X": -5.559396126579042, "Y": 13.123363998341485}, "12": {"id": 12, "label": 1.0, "X": -20.056812732227588, "Y": 26.250225078135596}, "13": {"id": 13, "label": 0.0, "X": -13.433218189848057, "Y": 11.016439171957032}, "14": {"id": 14, "label": 1.0, "X": -2.8433719289247414, "Y": 19.77999086016573}, "15": {"id": 15, "label": 1.0, "X": -3.978232333384603, "Y": 23.358436870469735}, "16": {"id": 16, "label": 0.0, "X": -6.503138455975852, "Y": 15.672561052851435}, "17": {"id": 17, "label": 1.0, "X": -16.12523431719594, "Y": 26.451103843577304}, "18": {"id": 18, "label": 0.0, "X": -7.042841615181843, "Y": 17.78771097266118}, "19": {"id": 19, "label": 0.0, "X": -20.974187113845755, "Y": 18.203272242509318}, "20": {"id": 20, "label": 0.0, "X": -5.10238297986507, "Y": 11.51615997623858}, "21": {"id": 21, "label": 1.0, "X": -0.7789640468395217, "Y": 12.327230352006108}, "22": {"id": 22, "label": 0.0, "X": -23.20773035158218, "Y": 20.180878532823833}, "23": {"id": 23, "label": 1.0, "X": -3.1237342891989384, "Y": 19.99558404712594}, "24": {"id": 24, "label": 0.0, "X": -16.188497754465963, "Y": 19.110592939227026}, "25": {"id": 25, "label": 1.0, "X": -1.0674821325213952, "Y": 12.614406230665173}}