{"0": {"id": 0, "label": 2.0, "X": 0.20861227736064075, "Y": 0.3079335734114201}, "1": {"id": 1, "label": 2.0, "X": -0.21811817998946811, "Y": 0.3284103210510758}, "2": {"id": 2, "label": 0.0, "X": -0.26133965627637956, "Y": 1.0024865262751483}, "3": {"id": 3, "label": 1.0, "X": 0.20273230801931658, "Y": 0.5336450531217326}, "4": {"id": 4, "label": 1.0, "X": 0.19372055093855603, "Y": 0.994094683996545}, "5": {"id": 5, "label": 1.0, "X": 0.20931348756292145, "Y": 0.7654984970665233}, "6": {"id": 6, "label": 0.0, "X": -0.22982456212260569, "Y": 0.5581585068259449}, "7": {"id": 7, "label": 0.0, "X": -1.3787719476636422, "Y": 1.1354920159326953}, "8": {"id": 8, "label": 0.0, "X": -0.23874989507164937, "Y": 0.7543360700739185}, "9": {"id": 9, "label": 1.0, "X": 0.1948993487253975, "Y": 1.30724049372505}, "10": {"id": 10, "label": 0.0, "X": -1.399118817896699, "Y": 1.7787738927775423}, "11": {"id": 11, "label": 0.0, "X": -0.9816825494187312, "Y": 1.43592399951868}, "12": {"id": 12, "label": 1.0, "X": -1.516689258330717, "Y": 1.4874967109793378}, "13": {"id": 13, "label": 1.0, "X": -1.6555761743414588, "Y": 1.3976256604405848}, "14": {"id": 14, "label": 0.0, "X": -0.2704928094369009, "Y": 1.30024013117188}, "15": {"id": 15, "label": 1.0, "X": 0.1491588498111617, "Y": 1.9642614766752826}, "16": {"id": 16, "label": 1.0, "X": -1.9613444255210533, "Y": 1.7751201819074636}, "17": {"id": 17, "label": 0.0, "X": -0.32500830506412304, "Y": 1.824902220908952}, "18": {"id": 18, "label": 1.0, "X": 0.12274422721092255, "Y": 2.606467932634821}, "19": {"id": 19, "label": 1.0, "X": -1.8392234140918455, "Y": 1.7119998107996952}, "20": {"id": 20, "label": 0.0, "X": -0.286782670176159, "Y": 1.2927092631283452}, "21": {"id": 21, "label": 1.0, "X": 0.14428335801127176, "Y": 1.705633784407552}, "22": {"id": 22, "label": 0.0, "X": -0.2541434854591471, "Y": 1.1420469349652913}, "23": {"id": 23, "label": 1.0, "X": 0.17984583604136295, "Y": 1.5433544079149086}}